Date,Regime,Regime_Name,Forecast_Return,XLU_Score,XLU_Rec,XLRE_Score,XLRE_Rec,XLK_Score,XLK_Rec,XLE_Score,XLE_Rec,XLY_Score,XLY_Rec,XLF_Score,XLF_Rec,XLV_Score,XLV_Rec,XLC_Score,XLC_Rec,XLI_Score,XLI_Rec,XLB_Score,XLB_Rec,XLP_Score,XLP_Rec
2018-04-13,2,Moderate Growth,0.0,0.7266,BUY,0.6499,BUY,0.5339,BUY,0.5085,NEUTRAL,0.5048,NEUTRAL,0.3686,NEUTRAL,0.3509,NEUTRAL,0.3318,NEUTRAL,0.3211,AVOID,0.2369,AVOID,0.2166,AVOID
2018-04-20,2,Moderate Growth,0.0,0.7369,BUY,0.5317,BUY,0.4552,NEUTRAL,0.6438,BUY,0.5299,NEUTRAL,0.4414,NEUTRAL,0.4062,AVOID,0.4259,NEUTRAL,0.4617,NEUTRAL,0.3472,AVOID,0.1396,AVOID
2018-04-27,2,Moderate Growth,0.0,0.728,BUY,0.5726,BUY,0.3967,NEUTRAL,0.6591,BUY,0.5438,NEUTRAL,0.4292,NEUTRAL,0.4715,NEUTRAL,0.3613,NEUTRAL,0.3291,AVOID,0.2589,AVOID,0.1717,AVOID
2018-05-04,2,Moderate Growth,0.0,0.7131,BUY,0.6343,BUY,0.5286,NEUTRAL,0.6849,BUY,0.5221,NEUTRAL,0.3864,NEUTRAL,0.3709,NEUTRAL,0.5029,NEUTRAL,0.2772,AVOID,0.293,AVOID,0.1119,AVOID
2018-05-11,2,Moderate Growth,0.0,0.5448,NEUTRAL,0.5975,BUY,0.5853,NEUTRAL,0.7586,BUY,0.5213,NEUTRAL,0.4604,NEUTRAL,0.4415,NEUTRAL,0.6031,BUY,0.3873,AVOID,0.3453,AVOID,0.1303,AVOID
2018-05-18,2,Moderate Growth,0.0,0.4499,NEUTRAL,0.4905,NEUTRAL,0.5352,BUY,0.8161,BUY,0.5197,NEUTRAL,0.4338,NEUTRAL,0.4537,NEUTRAL,0.5439,BUY,0.4326,AVOID,0.4089,AVOID,0.1551,AVOID
2018-05-25,2,Moderate Growth,0.0,0.6157,NEUTRAL,0.6563,BUY,0.6289,NEUTRAL,0.6848,BUY,0.6519,BUY,0.4734,AVOID,0.489,NEUTRAL,0.6454,NEUTRAL,0.5034,NEUTRAL,0.3816,AVOID,0.1503,AVOID
2018-06-01,2,Moderate Growth,0.0,0.508,NEUTRAL,0.6537,BUY,0.6314,NEUTRAL,0.6493,BUY,0.5485,NEUTRAL,0.2956,AVOID,0.4136,NEUTRAL,0.6395,BUY,0.3525,NEUTRAL,0.2892,AVOID,0.1476,AVOID
2018-06-08,2,Moderate Growth,0.0,0.3322,AVOID,0.6167,NEUTRAL,0.6273,BUY,0.6652,BUY,0.643,BUY,0.4105,AVOID,0.4571,NEUTRAL,0.6155,NEUTRAL,0.4821,NEUTRAL,0.4616,NEUTRAL,0.2636,AVOID
2018-06-15,2,Moderate Growth,0.0,0.1478,NEUTRAL,0.1724,BUY,0.1603,NEUTRAL,0.1515,NEUTRAL,0.2075,BUY,0.0988,AVOID,0.1542,NEUTRAL,0.2262,BUY,0.1137,AVOID,0.1001,AVOID,0.1182,NEUTRAL
2018-06-22,2,Moderate Growth,0.0,0.1698,NEUTRAL,0.1937,BUY,0.1515,NEUTRAL,0.1466,NEUTRAL,0.2195,BUY,0.0814,AVOID,0.1564,NEUTRAL,0.2565,BUY,0.0771,AVOID,0.0836,AVOID,0.132,NEUTRAL
2018-06-29,2,Moderate Growth,0.0,0.1834,BUY,0.1925,BUY,0.1083,NEUTRAL,0.1182,NEUTRAL,0.1619,NEUTRAL,0.0745,AVOID,0.1287,NEUTRAL,0.2078,BUY,0.0683,AVOID,0.0624,AVOID,0.1381,NEUTRAL
2018-07-06,2,Moderate Growth,0.0,0.1901,BUY,0.2003,BUY,0.1216,NEUTRAL,0.1235,NEUTRAL,0.1687,NEUTRAL,0.074,AVOID,0.154,NEUTRAL,0.2213,BUY,0.0694,AVOID,0.0687,AVOID,0.1389,NEUTRAL
2018-07-13,2,Moderate Growth,0.0,0.1685,NEUTRAL,0.1732,BUY,0.1278,NEUTRAL,0.1194,NEUTRAL,0.175,BUY,0.0786,AVOID,0.1498,NEUTRAL,0.2113,BUY,0.074,AVOID,0.0558,AVOID,0.1266,NEUTRAL
2018-07-20,2,Moderate Growth,0.0,0.1625,BUY,0.157,NEUTRAL,0.1351,NEUTRAL,0.1023,NEUTRAL,0.1666,BUY,0.0922,AVOID,0.1363,NEUTRAL,0.1979,BUY,0.0877,AVOID,0.0549,AVOID,0.1292,NEUTRAL
2018-07-27,2,Moderate Growth,0.0,0.1634,BUY,0.1544,NEUTRAL,0.1206,NEUTRAL,0.128,NEUTRAL,0.161,BUY,0.1201,AVOID,0.1626,BUY,0.1519,NEUTRAL,0.1202,AVOID,0.0701,AVOID,0.1557,NEUTRAL
2018-08-03,2,Moderate Growth,0.0,0.1727,BUY,0.1713,BUY,0.1217,NEUTRAL,0.1015,AVOID,0.1517,NEUTRAL,0.1201,NEUTRAL,0.1779,BUY,0.1389,NEUTRAL,0.1187,AVOID,0.0723,AVOID,0.1623,NEUTRAL
2018-08-10,2,Moderate Growth,0.0,0.1511,BUY,0.1433,NEUTRAL,0.1207,NEUTRAL,0.0931,AVOID,0.1537,BUY,0.1165,NEUTRAL,0.1688,BUY,0.1457,NEUTRAL,0.1089,AVOID,0.062,AVOID,0.1362,NEUTRAL
2018-08-17,2,Moderate Growth,0.0,0.1637,BUY,0.1552,NEUTRAL,0.1072,AVOID,0.0772,AVOID,0.1399,NEUTRAL,0.118,NEUTRAL,0.1617,BUY,0.1326,NEUTRAL,0.1149,NEUTRAL,0.0646,AVOID,0.1555,BUY
2018-08-24,2,Moderate Growth,0.0,0.1354,BUY,0.1333,NEUTRAL,0.0998,AVOID,0.0908,AVOID,0.1347,BUY,0.1118,NEUTRAL,0.1541,BUY,0.1262,NEUTRAL,0.1099,NEUTRAL,0.0706,AVOID,0.131,NEUTRAL
2018-08-31,2,Moderate Growth,0.0,0.1238,BUY,0.1232,BUY,0.0883,AVOID,0.0885,AVOID,0.1226,NEUTRAL,0.1001,NEUTRAL,0.1343,BUY,0.117,NEUTRAL,0.1007,NEUTRAL,0.066,AVOID,0.1161,NEUTRAL
2018-09-07,2,Moderate Growth,0.0,0.1276,BUY,0.1211,NEUTRAL,0.0844,AVOID,0.0792,AVOID,0.1219,BUY,0.1023,NEUTRAL,0.1341,BUY,0.115,NEUTRAL,0.1017,NEUTRAL,0.0628,AVOID,0.1191,NEUTRAL
2018-09-14,2,Moderate Growth,0.0,0.1332,BUY,0.1208,NEUTRAL,0.0945,AVOID,0.0865,AVOID,0.1308,BUY,0.1023,NEUTRAL,0.1462,BUY,0.1137,NEUTRAL,0.1164,NEUTRAL,0.0655,AVOID,0.1238,NEUTRAL
2018-09-21,2,Moderate Growth,0.0,0.1166,NEUTRAL,0.1137,NEUTRAL,0.0888,AVOID,0.0904,AVOID,0.1244,BUY,0.1106,NEUTRAL,0.1441,BUY,0.1109,NEUTRAL,0.12,NEUTRAL,0.0759,AVOID,0.1246,BUY
2018-09-28,2,Moderate Growth,0.0,0.1125,NEUTRAL,0.1025,NEUTRAL,0.0936,AVOID,0.1051,NEUTRAL,0.1255,BUY,0.095,AVOID,0.1469,BUY,0.1186,BUY,0.1103,NEUTRAL,0.0612,AVOID,0.1137,NEUTRAL
2018-10-05,2,Moderate Growth,0.0,0.1263,BUY,0.0992,AVOID,0.0874,AVOID,0.1139,NEUTRAL,0.1067,NEUTRAL,0.1047,NEUTRAL,0.1396,BUY,0.1144,NEUTRAL,0.1145,BUY,0.0639,AVOID,0.1142,NEUTRAL
2018-10-12,2,Moderate Growth,0.0,0.1242,BUY,0.1009,NEUTRAL,0.0704,AVOID,0.1115,NEUTRAL,0.0944,AVOID,0.1013,NEUTRAL,0.1257,BUY,0.1084,NEUTRAL,0.1049,NEUTRAL,0.0584,AVOID,0.1174,BUY
2018-10-19,2,Moderate Growth,0.0,0.1143,BUY,0.1001,NEUTRAL,0.0722,AVOID,0.1074,BUY,0.0963,AVOID,0.0997,NEUTRAL,0.1153,BUY,0.1066,NEUTRAL,0.0992,NEUTRAL,0.064,AVOID,0.1043,NEUTRAL
2018-10-26,2,Moderate Growth,0.0,0.1269,BUY,0.1024,NEUTRAL,0.0774,AVOID,0.1085,NEUTRAL,0.0977,AVOID,0.1008,NEUTRAL,0.1223,BUY,0.106,NEUTRAL,0.1032,NEUTRAL,0.0639,AVOID,0.1102,BUY
2018-11-02,2,Moderate Growth,0.0,0.1209,BUY,0.0938,NEUTRAL,0.076,AVOID,0.1033,BUY,0.0937,NEUTRAL,0.0915,AVOID,0.119,BUY,0.0991,NEUTRAL,0.0985,NEUTRAL,0.0523,AVOID,0.0969,NEUTRAL
2018-11-09,2,Moderate Growth,0.0,0.1267,BUY,0.0989,NEUTRAL,0.0766,AVOID,0.1042,NEUTRAL,0.0952,AVOID,0.0978,NEUTRAL,0.1238,BUY,0.101,NEUTRAL,0.1012,NEUTRAL,0.0564,AVOID,0.1096,BUY
2018-11-16,2,Moderate Growth,0.0,0.1153,BUY,0.0899,NEUTRAL,0.0673,AVOID,0.1011,NEUTRAL,0.0866,AVOID,0.0925,NEUTRAL,0.1148,BUY,0.0971,NEUTRAL,0.0977,NEUTRAL,0.0557,AVOID,0.1048,BUY
2018-11-23,2,Moderate Growth,0.0,0.1281,BUY,0.1008,NEUTRAL,0.0712,AVOID,0.103,NEUTRAL,0.0904,AVOID,0.0974,NEUTRAL,0.1227,BUY,0.0975,NEUTRAL,0.1002,NEUTRAL,0.0575,AVOID,0.1155,BUY
2018-11-30,2,Moderate Growth,0.0,0.1259,BUY,0.103,NEUTRAL,0.0773,AVOID,0.1076,NEUTRAL,0.0971,AVOID,0.1011,NEUTRAL,0.1315,BUY,0.1052,NEUTRAL,0.1041,NEUTRAL,0.0599,AVOID,0.115,BUY
2018-12-07,2,Moderate Growth,0.0,0.1357,BUY,0.1112,NEUTRAL,0.0753,AVOID,0.1116,NEUTRAL,0.097,AVOID,0.1036,NEUTRAL,0.1316,BUY,0.1017,NEUTRAL,0.1065,NEUTRAL,0.0758,AVOID,0.1139,BUY
2018-12-14,2,Moderate Growth,0.0,0.1491,BUY,0.1221,BUY,0.0812,AVOID,0.1097,NEUTRAL,0.1037,NEUTRAL,0.1001,AVOID,0.1329,BUY,0.1047,NEUTRAL,0.1054,NEUTRAL,0.0677,AVOID,0.1156,NEUTRAL
2018-12-21,2,Moderate Growth,0.0,0.1802,BUY,0.1431,BUY,0.0836,AVOID,0.1125,NEUTRAL,0.1018,AVOID,0.1041,NEUTRAL,0.137,NEUTRAL,0.1142,NEUTRAL,0.1097,NEUTRAL,0.0786,AVOID,0.1382,BUY
2018-12-28,2,Moderate Growth,0.0,0.1844,BUY,0.14,BUY,0.0927,AVOID,0.1093,NEUTRAL,0.1062,AVOID,0.1069,NEUTRAL,0.1585,BUY,0.1229,NEUTRAL,0.1142,NEUTRAL,0.0725,AVOID,0.1365,NEUTRAL
2019-01-04,2,Moderate Growth,0.0,0.1601,BUY,0.1188,NEUTRAL,0.096,AVOID,0.0994,NEUTRAL,0.1346,NEUTRAL,0.09,AVOID,0.1465,BUY,0.1528,BUY,0.1079,NEUTRAL,0.0672,AVOID,0.1258,NEUTRAL
2019-01-11,2,Moderate Growth,0.0,0.1525,BUY,0.1291,BUY,0.0799,AVOID,0.1036,NEUTRAL,0.1009,NEUTRAL,0.0886,AVOID,0.1392,BUY,0.1112,NEUTRAL,0.105,NEUTRAL,0.05,AVOID,0.1222,NEUTRAL
2019-01-18,2,Moderate Growth,0.0,0.1318,BUY,0.1222,BUY,0.0747,AVOID,0.0991,NEUTRAL,0.096,AVOID,0.1012,NEUTRAL,0.1371,BUY,0.1004,NEUTRAL,0.1048,NEUTRAL,0.0461,AVOID,0.1112,NEUTRAL
2019-01-25,2,Moderate Growth,0.0,0.1259,BUY,0.1283,BUY,0.0806,AVOID,0.1096,NEUTRAL,0.1048,NEUTRAL,0.1206,NEUTRAL,0.1348,BUY,0.1075,NEUTRAL,0.1218,NEUTRAL,0.0629,AVOID,0.1021,AVOID
2019-02-01,2,Moderate Growth,0.0,0.1253,BUY,0.1243,NEUTRAL,0.0824,AVOID,0.1254,BUY,0.0958,AVOID,0.1104,NEUTRAL,0.1382,BUY,0.1131,NEUTRAL,0.1232,NEUTRAL,0.0486,AVOID,0.1068,NEUTRAL
2019-02-08,2,Moderate Growth,0.0,0.1297,BUY,0.1156,BUY,0.0839,AVOID,0.103,NEUTRAL,0.0868,AVOID,0.0895,NEUTRAL,0.1256,BUY,0.1003,NEUTRAL,0.1127,NEUTRAL,0.0272,AVOID,0.1109,NEUTRAL
2019-02-15,2,Moderate Growth,0.0,0.1426,BUY,0.1355,BUY,0.0983,AVOID,0.1073,NEUTRAL,0.0998,NEUTRAL,0.0913,AVOID,0.1407,BUY,0.1009,NEUTRAL,0.1243,NEUTRAL,0.0308,AVOID,0.1107,NEUTRAL
2019-02-22,2,Moderate Growth,0.0,0.1472,BUY,0.1255,BUY,0.1007,NEUTRAL,0.1004,NEUTRAL,0.0973,NEUTRAL,0.0922,AVOID,0.1358,BUY,0.0943,AVOID,0.1226,NEUTRAL,0.0382,AVOID,0.1108,NEUTRAL
2019-03-01,2,Moderate Growth,0.0,0.1507,BUY,0.1177,NEUTRAL,0.1029,NEUTRAL,0.1067,NEUTRAL,0.0966,AVOID,0.0896,AVOID,0.1317,BUY,0.0974,NEUTRAL,0.1222,BUY,0.0338,AVOID,0.1069,NEUTRAL
2019-03-08,2,Moderate Growth,0.0,0.1374,BUY,0.1141,NEUTRAL,0.0992,AVOID,0.1104,NEUTRAL,0.0975,AVOID,0.1105,NEUTRAL,0.1169,BUY,0.113,NEUTRAL,0.1367,BUY,0.0561,AVOID,0.1044,NEUTRAL
2019-03-15,2,Moderate Growth,0.0,0.1376,BUY,0.1311,BUY,0.1097,NEUTRAL,0.1062,NEUTRAL,0.0951,AVOID,0.1186,NEUTRAL,0.1176,NEUTRAL,0.0981,AVOID,0.1237,BUY,0.0521,AVOID,0.1026,NEUTRAL
2019-03-22,2,Moderate Growth,0.0,0.1505,BUY,0.1439,BUY,0.11,NEUTRAL,0.1228,NEUTRAL,0.1044,NEUTRAL,0.0794,AVOID,0.118,NEUTRAL,0.1036,AVOID,0.1119,NEUTRAL,0.0356,AVOID,0.1323,BUY
2019-03-29,2,Moderate Growth,0.0,0.1524,BUY,0.1541,BUY,0.1102,NEUTRAL,0.1142,NEUTRAL,0.1067,NEUTRAL,0.0784,AVOID,0.1227,NEUTRAL,0.0989,AVOID,0.1131,NEUTRAL,0.0419,AVOID,0.1389,BUY
2019-04-05,2,Moderate Growth,0.0,0.1533,BUY,0.166,BUY,0.1382,BUY,0.1172,NEUTRAL,0.1297,NEUTRAL,0.0932,AVOID,0.1201,NEUTRAL,0.1139,AVOID,0.1265,NEUTRAL,0.0607,AVOID,0.1342,NEUTRAL
2019-04-12,2,Moderate Growth,0.0,0.1653,BUY,0.168,BUY,0.157,BUY,0.1306,NEUTRAL,0.1486,NEUTRAL,0.1164,AVOID,0.1183,AVOID,0.1373,NEUTRAL,0.1429,NEUTRAL,0.0834,AVOID,0.1561,NEUTRAL
2019-04-26,2,Moderate Growth,0.0,0.1682,NEUTRAL,0.1364,NEUTRAL,0.1887,BUY,0.1344,AVOID,0.1828,NEUTRAL,0.1458,NEUTRAL,0.1208,AVOID,0.1839,BUY,0.1628,NEUTRAL,0.0773,AVOID,0.1844,BUY
2019-05-03,2,Moderate Growth,0.0,0.1627,NEUTRAL,0.1361,NEUTRAL,0.1784,BUY,0.1073,AVOID,0.1692,BUY,0.1622,NEUTRAL,0.1256,AVOID,0.1648,NEUTRAL,0.1624,NEUTRAL,0.0779,AVOID,0.1801,BUY
2019-05-10,2,Moderate Growth,0.0,0.1577,NEUTRAL,0.1302,NEUTRAL,0.1601,BUY,0.1118,AVOID,0.1529,NEUTRAL,0.1551,NEUTRAL,0.1205,AVOID,0.1642,BUY,0.1403,NEUTRAL,0.0636,AVOID,0.1754,BUY
2019-05-17,2,Moderate Growth,0.0,0.166,BUY,0.1424,NEUTRAL,0.1445,NEUTRAL,0.1091,AVOID,0.1382,NEUTRAL,0.1396,NEUTRAL,0.1238,AVOID,0.1599,BUY,0.1277,NEUTRAL,0.0521,AVOID,0.1892,BUY
2019-05-24,2,Moderate Growth,0.0,0.1732,BUY,0.1425,NEUTRAL,0.1234,AVOID,0.1016,AVOID,0.1255,NEUTRAL,0.135,NEUTRAL,0.144,BUY,0.1405,NEUTRAL,0.1234,NEUTRAL,0.0528,AVOID,0.179,BUY
2019-05-31,2,Moderate Growth,0.0,0.1621,BUY,0.1419,NEUTRAL,0.1229,NEUTRAL,0.1024,AVOID,0.1228,AVOID,0.1296,NEUTRAL,0.1501,BUY,0.1353,NEUTRAL,0.1274,NEUTRAL,0.0584,AVOID,0.1586,BUY
2019-06-07,2,Moderate Growth,0.0,0.1679,BUY,0.1474,NEUTRAL,0.1303,NEUTRAL,0.1017,AVOID,0.1267,NEUTRAL,0.1295,NEUTRAL,0.1549,BUY,0.1248,AVOID,0.1341,NEUTRAL,0.074,AVOID,0.1673,BUY
2019-06-14,2,Moderate Growth,0.0,0.1676,BUY,0.1433,NEUTRAL,0.1188,AVOID,0.1009,AVOID,0.1278,NEUTRAL,0.1243,NEUTRAL,0.1495,BUY,0.1252,NEUTRAL,0.1252,NEUTRAL,0.0765,AVOID,0.1658,BUY
2019-06-21,2,Moderate Growth,0.0,0.1644,BUY,0.1374,NEUTRAL,0.1258,NEUTRAL,0.1039,AVOID,0.121,NEUTRAL,0.1072,AVOID,0.1591,BUY,0.122,NEUTRAL,0.1233,NEUTRAL,0.0729,AVOID,0.1465,BUY
2019-06-28,2,Moderate Growth,0.0,0.1475,BUY,0.1149,AVOID,0.1314,NEUTRAL,0.1026,AVOID,0.1273,NEUTRAL,0.1274,NEUTRAL,0.156,BUY,0.1204,NEUTRAL,0.1355,NEUTRAL,0.0891,AVOID,0.1396,BUY
2019-07-05,2,Moderate Growth,0.0,0.1458,NEUTRAL,0.1278,AVOID,0.1522,BUY,0.1054,AVOID,0.1445,NEUTRAL,0.1385,NEUTRAL,0.1507,BUY,0.1409,NEUTRAL,0.1354,NEUTRAL,0.0905,AVOID,0.1514,BUY
2019-07-12,2,Moderate Growth,0.0,0.1672,BUY,0.1409,AVOID,0.1669,BUY,0.1209,AVOID,0.1647,NEUTRAL,0.1463,NEUTRAL,0.1567,NEUTRAL,0.1579,NEUTRAL,0.1464,NEUTRAL,0.0765,AVOID,0.1756,BUY
2019-07-19,2,Moderate Growth,0.0,0.2026,NEUTRAL,0.1529,AVOID,0.2145,BUY,0.1338,AVOID,0.2071,BUY,0.1751,NEUTRAL,0.1881,NEUTRAL,0.1871,NEUTRAL,0.1672,NEUTRAL,0.0984,AVOID,0.2151,BUY
2019-07-26,2,Moderate Growth,0.0,0.187,NEUTRAL,0.1579,AVOID,0.2412,BUY,0.13,AVOID,0.205,NEUTRAL,0.1961,NEUTRAL,0.1813,NEUTRAL,0.225,BUY,0.1844,NEUTRAL,0.1072,AVOID,0.2147,BUY
2019-08-02,2,Moderate Growth,0.0,0.2151,BUY,0.208,BUY,0.2063,NEUTRAL,0.1022,AVOID,0.1774,NEUTRAL,0.1905,NEUTRAL,0.1782,NEUTRAL,0.2063,NEUTRAL,0.1673,AVOID,0.1172,AVOID,0.2256,BUY
2019-08-09,2,Moderate Growth,0.0,0.2383,BUY,0.2314,BUY,0.2046,NEUTRAL,0.1054,AVOID,0.1887,NEUTRAL,0.1752,NEUTRAL,0.2017,NEUTRAL,0.2002,NEUTRAL,0.1713,AVOID,0.1246,AVOID,0.228,BUY
2019-08-16,2,Moderate Growth,0.0,0.2537,BUY,0.2455,BUY,0.216,NEUTRAL,0.1079,AVOID,0.1807,NEUTRAL,0.1708,AVOID,0.2069,NEUTRAL,0.2042,NEUTRAL,0.1876,NEUTRAL,0.1396,AVOID,0.2514,BUY
2019-08-23,2,Moderate Growth,0.0,0.2404,BUY,0.2232,BUY,0.1842,NEUTRAL,0.1073,AVOID,0.1746,NEUTRAL,0.1549,AVOID,0.1851,NEUTRAL,0.1711,NEUTRAL,0.1643,NEUTRAL,0.1131,AVOID,0.2251,BUY
2019-08-30,2,Moderate Growth,0.0,0.2305,BUY,0.2236,BUY,0.1888,NEUTRAL,0.108,AVOID,0.1847,NEUTRAL,0.1562,AVOID,0.1836,NEUTRAL,0.1976,NEUTRAL,0.1697,NEUTRAL,0.1024,AVOID,0.2202,BUY
2019-09-06,2,Moderate Growth,0.0,0.2043,BUY,0.1973,BUY,0.1609,NEUTRAL,0.1079,AVOID,0.1597,NEUTRAL,0.1351,AVOID,0.1522,NEUTRAL,0.1668,NEUTRAL,0.1505,NEUTRAL,0.0771,AVOID,0.1891,BUY
2019-09-13,2,Moderate Growth,0.0,0.221,BUY,0.1524,NEUTRAL,0.1725,NEUTRAL,0.1196,AVOID,0.1897,NEUTRAL,0.18,NEUTRAL,0.1311,AVOID,0.1777,NEUTRAL,0.1953,BUY,0.1209,AVOID,0.1953,BUY
2019-09-20,2,Moderate Growth,0.0,0.2303,BUY,0.1639,NEUTRAL,0.1537,NEUTRAL,0.1469,NEUTRAL,0.1421,AVOID,0.1676,BUY,0.1406,AVOID,0.1593,NEUTRAL,0.1618,NEUTRAL,0.08,AVOID,0.1673,BUY
2019-09-27,2,Moderate Growth,0.0,0.2293,BUY,0.1645,NEUTRAL,0.1566,NEUTRAL,0.1642,NEUTRAL,0.1618,NEUTRAL,0.1911,BUY,0.1291,AVOID,0.1517,AVOID,0.1803,BUY,0.1001,AVOID,0.1781,NEUTRAL
2019-10-04,2,Moderate Growth,0.0,0.2488,BUY,0.1652,NEUTRAL,0.1845,NEUTRAL,0.1317,AVOID,0.1436,NEUTRAL,0.1954,BUY,0.1407,AVOID,0.1622,NEUTRAL,0.1692,NEUTRAL,0.0966,AVOID,0.1903,BUY
2019-10-11,2,Moderate Growth,0.0,0.2173,BUY,0.1529,NEUTRAL,0.1856,BUY,0.1431,AVOID,0.1474,NEUTRAL,0.1924,BUY,0.1309,AVOID,0.1505,NEUTRAL,0.171,NEUTRAL,0.109,AVOID,0.1651,NEUTRAL
2019-10-18,2,Moderate Growth,0.0,0.2009,BUY,0.1706,NEUTRAL,0.1509,NEUTRAL,0.1075,AVOID,0.1451,AVOID,0.1709,BUY,0.18,BUY,0.1544,NEUTRAL,0.1562,NEUTRAL,0.1141,AVOID,0.1679,NEUTRAL
2019-10-25,2,Moderate Growth,0.0,0.2025,BUY,0.1699,NEUTRAL,0.1814,BUY,0.1091,AVOID,0.149,AVOID,0.1794,NEUTRAL,0.1796,NEUTRAL,0.1512,NEUTRAL,0.1619,NEUTRAL,0.1166,AVOID,0.1881,BUY
2019-11-01,2,Moderate Growth,0.0,0.1814,NEUTRAL,0.1413,AVOID,0.2013,BUY,0.1069,AVOID,0.148,NEUTRAL,0.1952,BUY,0.1993,BUY,0.1607,NEUTRAL,0.1905,NEUTRAL,0.1137,AVOID,0.173,NEUTRAL
2019-11-08,2,Moderate Growth,0.0,0.1416,AVOID,0.114,AVOID,0.2288,BUY,0.1733,NEUTRAL,0.1632,NEUTRAL,0.2349,BUY,0.2209,BUY,0.2026,NEUTRAL,0.2207,NEUTRAL,0.1517,AVOID,0.164,NEUTRAL
2019-11-15,2,Moderate Growth,0.0,0.1462,AVOID,0.1179,AVOID,0.2281,NEUTRAL,0.1746,NEUTRAL,0.1537,AVOID,0.2352,BUY,0.2355,BUY,0.1967,NEUTRAL,0.2359,BUY,0.1682,NEUTRAL,0.1629,NEUTRAL
2019-11-22,2,Moderate Growth,0.0,0.1584,NEUTRAL,0.1125,AVOID,0.1877,NEUTRAL,0.1452,NEUTRAL,0.13,AVOID,0.2042,BUY,0.2162,BUY,0.1768,NEUTRAL,0.1894,BUY,0.1213,AVOID,0.1602,NEUTRAL
2019-11-29,2,Moderate Growth,0.0,0.1538,NEUTRAL,0.1141,AVOID,0.1984,BUY,0.1376,NEUTRAL,0.1334,AVOID,0.1973,BUY,0.212,BUY,0.1727,NEUTRAL,0.1858,NEUTRAL,0.1239,AVOID,0.1662,NEUTRAL
2019-12-06,2,Moderate Growth,0.0,0.1374,NEUTRAL,0.0992,AVOID,0.1956,BUY,0.1273,NEUTRAL,0.1182,AVOID,0.2122,BUY,0.2508,BUY,0.1822,NEUTRAL,0.1705,NEUTRAL,0.1251,AVOID,0.1784,NEUTRAL
2019-12-13,2,Moderate Growth,0.0,0.1377,AVOID,0.0777,AVOID,0.1958,BUY,0.1551,NEUTRAL,0.14,NEUTRAL,0.2121,BUY,0.2283,BUY,0.1768,NEUTRAL,0.1721,NEUTRAL,0.1304,AVOID,0.188,NEUTRAL
2019-12-20,2,Moderate Growth,0.0,0.1611,NEUTRAL,0.0986,AVOID,0.1886,BUY,0.1379,NEUTRAL,0.1367,NEUTRAL,0.1782,NEUTRAL,0.2465,BUY,0.1859,BUY,0.1296,AVOID,0.1033,AVOID,0.1795,NEUTRAL
2019-12-27,2,Moderate Growth,0.0,0.1379,AVOID,0.0851,AVOID,0.1952,BUY,0.1596,NEUTRAL,0.151,NEUTRAL,0.189,BUY,0.2416,BUY,0.1881,NEUTRAL,0.1389,NEUTRAL,0.1063,AVOID,0.1733,NEUTRAL
2020-01-03,2,Moderate Growth,0.0,0.1276,AVOID,0.0768,AVOID,0.2049,BUY,0.2055,BUY,0.1697,NEUTRAL,0.1961,NEUTRAL,0.2143,BUY,0.1847,NEUTRAL,0.1634,NEUTRAL,0.0959,AVOID,0.1504,NEUTRAL
2020-01-10,2,Moderate Growth,0.0,0.1371,NEUTRAL,0.0887,AVOID,0.1778,BUY,0.1547,NEUTRAL,0.1236,AVOID,0.1508,NEUTRAL,0.1817,BUY,0.1693,BUY,0.1322,NEUTRAL,0.0706,AVOID,0.1458,NEUTRAL
2020-01-17,2,Moderate Growth,0.0,0.1367,NEUTRAL,0.0841,AVOID,0.1973,BUY,0.1209,AVOID,0.1227,NEUTRAL,0.1403,NEUTRAL,0.1747,BUY,0.1776,BUY,0.1449,NEUTRAL,0.0812,AVOID,0.1331,NEUTRAL
2020-01-24,2,Moderate Growth,0.0,0.1784,BUY,0.1165,AVOID,0.197,BUY,0.0986,AVOID,0.1214,NEUTRAL,0.1408,NEUTRAL,0.1788,BUY,0.1764,NEUTRAL,0.1469,NEUTRAL,0.074,AVOID,0.1569,NEUTRAL
2020-01-31,2,Moderate Growth,0.0,0.2018,BUY,0.139,AVOID,0.1823,BUY,0.0994,AVOID,0.1421,NEUTRAL,0.152,NEUTRAL,0.1711,NEUTRAL,0.1697,NEUTRAL,0.1517,NEUTRAL,0.0826,AVOID,0.1809,BUY
2020-02-07,2,Moderate Growth,0.0,0.2024,BUY,0.144,AVOID,0.1857,BUY,0.1007,AVOID,0.1456,NEUTRAL,0.158,NEUTRAL,0.1782,NEUTRAL,0.1779,NEUTRAL,0.1584,NEUTRAL,0.0914,AVOID,0.1821,BUY
2020-02-14,2,Moderate Growth,0.0,0.2024,BUY,0.1513,NEUTRAL,0.1809,BUY,0.1006,AVOID,0.1491,AVOID,0.154,NEUTRAL,0.1719,NEUTRAL,0.1766,BUY,0.1515,NEUTRAL,0.0923,AVOID,0.1758,NEUTRAL
2020-02-21,2,Moderate Growth,0.0,0.1803,BUY,0.1447,NEUTRAL,0.156,NEUTRAL,0.101,AVOID,0.1362,AVOID,0.1419,NEUTRAL,0.157,BUY,0.1538,NEUTRAL,0.1414,NEUTRAL,0.0888,AVOID,0.163,BUY
2020-02-28,2,Moderate Growth,0.0,0.2248,BUY,0.1882,NEUTRAL,0.1728,NEUTRAL,0.0834,AVOID,0.1641,AVOID,0.177,NEUTRAL,0.189,BUY,0.1695,NEUTRAL,0.1721,NEUTRAL,0.0976,AVOID,0.2111,BUY
2020-03-06,4,Bull Market,0.0,0.2267,BUY,0.2002,BUY,0.1596,NEUTRAL,0.1189,AVOID,0.158,NEUTRAL,0.1576,NEUTRAL,0.1719,NEUTRAL,0.1655,NEUTRAL,0.1543,AVOID,0.1277,AVOID,0.1895,BUY
2020-03-13,0,Bear Market,0.0,0.2549,BUY,0.2885,BUY,0.2228,NEUTRAL,0.0367,AVOID,0.1208,AVOID,0.1311,NEUTRAL,0.2044,NEUTRAL,0.1891,NEUTRAL,0.0934,AVOID,0.1432,NEUTRAL,0.2322,BUY
2020-03-20,0,Bear Market,0.0,0.2412,BUY,0.1532,NEUTRAL,0.1954,BUY,0.0612,AVOID,0.1106,NEUTRAL,0.1036,AVOID,0.1771,NEUTRAL,0.1821,NEUTRAL,0.0486,AVOID,0.1539,NEUTRAL,0.2465,BUY
2020-03-27,0,Bear Market,0.0,0.282,BUY,0.1705,BUY,0.1515,NEUTRAL,0.0498,AVOID,0.0965,NEUTRAL,0.0879,AVOID,0.1452,NEUTRAL,0.1187,NEUTRAL,0.0775,AVOID,0.1337,NEUTRAL,0.1991,BUY
2020-04-03,0,Bear Market,0.0,0.2444,BUY,0.124,NEUTRAL,0.1583,NEUTRAL,0.0788,NEUTRAL,0.0501,AVOID,0.0432,AVOID,0.1839,BUY,0.1144,NEUTRAL,0.0406,AVOID,0.1144,NEUTRAL,0.2548,BUY
2020-04-17,0,Bear Market,0.0,0.2356,BUY,0.1355,NEUTRAL,0.1356,NEUTRAL,0.0877,AVOID,0.097,NEUTRAL,0.0452,AVOID,0.1792,BUY,0.1072,NEUTRAL,0.0214,AVOID,0.1401,NEUTRAL,0.202,BUY
2020-04-24,0,Bear Market,0.0,0.2417,BUY,0.1169,AVOID,0.1643,NEUTRAL,0.1408,NEUTRAL,0.1313,NEUTRAL,0.0328,AVOID,0.2236,BUY,0.1409,NEUTRAL,0.0148,AVOID,0.1703,NEUTRAL,0.209,BUY
2020-05-01,0,Bear Market,0.0,0.2164,BUY,0.1241,AVOID,0.1962,NEUTRAL,0.1755,NEUTRAL,0.1449,NEUTRAL,0.041,AVOID,0.2342,BUY,0.179,NEUTRAL,0.0156,AVOID,0.2019,NEUTRAL,0.2066,BUY
2020-05-08,4,Bull Market,0.0,0.1327,NEUTRAL,0.1873,BUY,0.0867,AVOID,0.1385,BUY,0.1205,NEUTRAL,0.1003,NEUTRAL,0.0732,AVOID,0.1212,NEUTRAL,0.1419,BUY,0.0752,AVOID,0.1159,NEUTRAL
2020-05-15,4,Bull Market,0.0,0.1485,BUY,0.1622,BUY,0.092,AVOID,0.1276,NEUTRAL,0.1302,NEUTRAL,0.1026,NEUTRAL,0.0937,AVOID,0.132,BUY,0.1292,NEUTRAL,0.0821,AVOID,0.12,NEUTRAL
2020-05-22,4,Bull Market,0.0,0.1389,NEUTRAL,0.17,BUY,0.0996,AVOID,0.1454,NEUTRAL,0.143,NEUTRAL,0.1029,NEUTRAL,0.0786,AVOID,0.1495,BUY,0.1576,BUY,0.0775,AVOID,0.1114,NEUTRAL
2020-05-29,4,Bull Market,0.0,0.1429,BUY,0.1738,BUY,0.0873,AVOID,0.1312,NEUTRAL,0.1317,NEUTRAL,0.1225,NEUTRAL,0.0771,AVOID,0.1326,NEUTRAL,0.1603,BUY,0.0822,AVOID,0.1011,NEUTRAL
2020-06-05,4,Bull Market,0.0,0.1334,NEUTRAL,0.1835,BUY,0.0882,AVOID,0.2004,BUY,0.1467,NEUTRAL,0.1719,NEUTRAL,0.0623,AVOID,0.138,NEUTRAL,0.197,BUY,0.1085,NEUTRAL,0.0966,AVOID
2020-06-12,4,Bull Market,0.0,0.1514,NEUTRAL,0.2181,BUY,0.1197,NEUTRAL,0.1785,NEUTRAL,0.1802,BUY,0.165,NEUTRAL,0.0483,AVOID,0.1611,NEUTRAL,0.2104,BUY,0.0996,AVOID,0.095,AVOID
2020-06-19,4,Bull Market,0.0,0.1379,NEUTRAL,0.2107,BUY,0.1282,NEUTRAL,0.1313,NEUTRAL,0.1783,BUY,0.1609,NEUTRAL,0.0706,AVOID,0.1779,NEUTRAL,0.2097,BUY,0.1065,AVOID,0.1266,AVOID
2020-06-26,4,Bull Market,0.0,0.1546,NEUTRAL,0.2203,BUY,0.1387,NEUTRAL,0.1473,NEUTRAL,0.1752,BUY,0.1643,NEUTRAL,0.071,AVOID,0.1518,NEUTRAL,0.2084,BUY,0.1144,AVOID,0.1194,AVOID
2020-07-10,4,Bull Market,0.0,0.1652,NEUTRAL,0.2023,BUY,0.1561,NEUTRAL,0.133,AVOID,0.1853,NEUTRAL,0.1631,NEUTRAL,0.085,AVOID,0.1893,BUY,0.1873,BUY,0.1258,AVOID,0.1427,NEUTRAL
2020-07-17,4,Bull Market,0.0,0.2005,NEUTRAL,0.213,BUY,0.1749,NEUTRAL,0.1287,AVOID,0.2035,NEUTRAL,0.1702,NEUTRAL,0.131,AVOID,0.2102,BUY,0.2209,BUY,0.1659,AVOID,0.176,NEUTRAL
2020-07-24,4,Bull Market,0.0,0.191,BUY,0.1901,BUY,0.134,AVOID,0.1194,AVOID,0.1849,NEUTRAL,0.162,NEUTRAL,0.1124,AVOID,0.1733,NEUTRAL,0.2015,BUY,0.1486,NEUTRAL,0.1687,NEUTRAL
2020-07-31,4,Bull Market,0.0,0.1975,BUY,0.2039,BUY,0.1133,AVOID,0.1202,NEUTRAL,0.1511,NEUTRAL,0.1551,NEUTRAL,0.0925,AVOID,0.1483,NEUTRAL,0.183,BUY,0.1043,AVOID,0.1516,NEUTRAL
2020-08-07,4,Bull Market,0.0,0.1841,BUY,0.1914,BUY,0.0955,AVOID,0.12,NEUTRAL,0.1392,NEUTRAL,0.1566,NEUTRAL,0.077,AVOID,0.1465,NEUTRAL,0.1862,BUY,0.0918,AVOID,0.1384,NEUTRAL
2020-08-14,4,Bull Market,0.0,0.1693,BUY,0.1706,BUY,0.0808,AVOID,0.1248,NEUTRAL,0.1305,NEUTRAL,0.1561,NEUTRAL,0.0676,AVOID,0.1244,NEUTRAL,0.1881,BUY,0.0796,AVOID,0.1387,NEUTRAL
2020-08-21,4,Bull Market,0.0,0.1531,BUY,0.1732,BUY,0.0987,AVOID,0.1216,NEUTRAL,0.1356,NEUTRAL,0.1326,NEUTRAL,0.07,AVOID,0.1279,NEUTRAL,0.1833,BUY,0.0695,AVOID,0.1302,NEUTRAL
2020-08-28,4,Bull Market,0.0,0.1499,NEUTRAL,0.187,BUY,0.1125,AVOID,0.1279,NEUTRAL,0.1421,NEUTRAL,0.1536,BUY,0.0701,AVOID,0.1462,NEUTRAL,0.1863,BUY,0.074,AVOID,0.1444,NEUTRAL
2020-09-04,4,Bull Market,0.0,0.1696,BUY,0.193,BUY,0.1098,AVOID,0.1248,NEUTRAL,0.1427,NEUTRAL,0.1638,NEUTRAL,0.0849,AVOID,0.1482,NEUTRAL,0.1875,BUY,0.0875,AVOID,0.148,NEUTRAL
2020-09-11,4,Bull Market,0.0,0.1715,BUY,0.1831,BUY,0.0896,AVOID,0.1308,NEUTRAL,0.1342,NEUTRAL,0.1551,NEUTRAL,0.0875,AVOID,0.1354,NEUTRAL,0.1785,BUY,0.0914,AVOID,0.1437,NEUTRAL
2020-09-18,4,Bull Market,0.0,0.1668,BUY,0.1814,BUY,0.0778,AVOID,0.1306,NEUTRAL,0.1232,NEUTRAL,0.1499,NEUTRAL,0.0842,AVOID,0.1242,NEUTRAL,0.176,BUY,0.0857,AVOID,0.1355,NEUTRAL
2020-09-25,4,Bull Market,0.0,0.1869,BUY,0.1941,BUY,0.091,AVOID,0.1343,NEUTRAL,0.1294,NEUTRAL,0.1585,NEUTRAL,0.0939,AVOID,0.1374,NEUTRAL,0.1771,BUY,0.0846,AVOID,0.1454,NEUTRAL
2020-10-02,4,Bull Market,0.0,0.1704,BUY,0.1779,BUY,0.0593,AVOID,0.1375,NEUTRAL,0.0986,NEUTRAL,0.147,NEUTRAL,0.0735,AVOID,0.1114,NEUTRAL,0.1525,BUY,0.0595,AVOID,0.1187,NEUTRAL
2020-10-09,4,Bull Market,0.0,0.1491,BUY,0.1591,BUY,0.044,AVOID,0.137,BUY,0.0787,NEUTRAL,0.1264,NEUTRAL,0.0566,AVOID,0.0961,NEUTRAL,0.1306,NEUTRAL,0.0364,AVOID,0.1006,NEUTRAL
2020-10-16,4,Bull Market,0.0,0.1608,BUY,0.1739,BUY,0.0651,AVOID,0.1392,NEUTRAL,0.0991,NEUTRAL,0.1396,NEUTRAL,0.0693,AVOID,0.1128,NEUTRAL,0.1496,BUY,0.0539,AVOID,0.1131,NEUTRAL
2020-10-23,4,Bull Market,0.0,0.1891,BUY,0.1711,BUY,0.0749,AVOID,0.137,NEUTRAL,0.1154,NEUTRAL,0.1515,NEUTRAL,0.0791,AVOID,0.1265,NEUTRAL,0.1669,BUY,0.0614,AVOID,0.1265,NEUTRAL
2020-10-30,4,Bull Market,0.0,0.2251,BUY,0.1944,BUY,0.0868,AVOID,0.1312,NEUTRAL,0.1356,NEUTRAL,0.1675,NEUTRAL,0.099,AVOID,0.1456,NEUTRAL,0.1796,BUY,0.0859,AVOID,0.1471,NEUTRAL
2020-11-06,4,Bull Market,0.0,0.2744,BUY,0.2315,BUY,0.1505,AVOID,0.1421,AVOID,0.1825,NEUTRAL,0.21,NEUTRAL,0.1601,NEUTRAL,0.2081,NEUTRAL,0.2255,BUY,0.1514,AVOID,0.1879,NEUTRAL
2020-11-13,4,Bull Market,0.0,0.2336,BUY,0.1804,NEUTRAL,0.0723,AVOID,0.209,BUY,0.104,NEUTRAL,0.2065,NEUTRAL,0.1028,AVOID,0.1463,NEUTRAL,0.2109,BUY,0.098,AVOID,0.1497,NEUTRAL
2020-11-20,4,Bull Market,0.0,0.189,BUY,0.1758,NEUTRAL,0.0514,AVOID,0.2036,BUY,0.1015,NEUTRAL,0.1769,NEUTRAL,0.0719,AVOID,0.1201,NEUTRAL,0.1927,BUY,0.0897,AVOID,0.1256,NEUTRAL
2020-11-27,4,Bull Market,0.0,0.1672,NEUTRAL,0.172,NEUTRAL,0.0725,AVOID,0.1879,BUY,0.1183,NEUTRAL,0.1751,BUY,0.0676,AVOID,0.1272,NEUTRAL,0.1812,BUY,0.0799,AVOID,0.117,NEUTRAL
2020-12-04,4,Bull Market,0.0,0.1468,NEUTRAL,0.1761,BUY,0.1028,AVOID,0.1754,BUY,0.1292,NEUTRAL,0.1723,NEUTRAL,0.0752,AVOID,0.1399,NEUTRAL,0.1882,BUY,0.0839,AVOID,0.1233,NEUTRAL
2020-12-11,4,Bull Market,0.0,0.1511,NEUTRAL,0.1627,NEUTRAL,0.0932,AVOID,0.181,BUY,0.1211,NEUTRAL,0.1657,BUY,0.0764,AVOID,0.1393,NEUTRAL,0.1767,BUY,0.0666,AVOID,0.1249,NEUTRAL
2020-12-18,4,Bull Market,0.0,0.1465,NEUTRAL,0.1626,BUY,0.0827,AVOID,0.1722,BUY,0.1144,NEUTRAL,0.1604,NEUTRAL,0.0754,AVOID,0.1271,NEUTRAL,0.1656,BUY,0.0646,AVOID,0.123,NEUTRAL
2021-01-08,4,Bull Market,0.0,0.1437,NEUTRAL,0.1574,BUY,0.1036,AVOID,0.1802,BUY,0.136,NEUTRAL,0.1832,BUY,0.111,AVOID,0.1334,NEUTRAL,0.156,NEUTRAL,0.0923,AVOID,0.1198,NEUTRAL
2021-01-15,4,Bull Market,0.0,0.1505,BUY,0.1618,BUY,0.0624,AVOID,0.1735,BUY,0.0985,NEUTRAL,0.1464,NEUTRAL,0.0803,AVOID,0.0956,NEUTRAL,0.1276,NEUTRAL,0.0539,AVOID,0.1056,NEUTRAL
2021-01-22,4,Bull Market,0.0,0.1599,NEUTRAL,0.1811,BUY,0.0985,AVOID,0.1745,BUY,0.1327,NEUTRAL,0.1612,BUY,0.0969,AVOID,0.1272,NEUTRAL,0.134,NEUTRAL,0.0631,AVOID,0.1061,NEUTRAL
2021-01-29,4,Bull Market,0.0,0.1678,BUY,0.1895,BUY,0.0849,AVOID,0.149,NEUTRAL,0.119,NEUTRAL,0.1503,BUY,0.1046,AVOID,0.1204,NEUTRAL,0.1214,NEUTRAL,0.0502,AVOID,0.1057,NEUTRAL
2021-02-05,4,Bull Market,0.0,0.1624,BUY,0.1836,BUY,0.0846,AVOID,0.1739,BUY,0.1292,NEUTRAL,0.1504,NEUTRAL,0.0782,AVOID,0.1361,NEUTRAL,0.1348,NEUTRAL,0.0511,AVOID,0.1079,NEUTRAL
2021-02-12,4,Bull Market,0.0,0.1481,NEUTRAL,0.1778,BUY,0.0913,AVOID,0.1864,BUY,0.1175,NEUTRAL,0.152,BUY,0.0799,AVOID,0.1373,NEUTRAL,0.1426,NEUTRAL,0.0534,AVOID,0.1079,NEUTRAL
2021-02-19,4,Bull Market,0.0,0.1485,NEUTRAL,0.199,BUY,0.1046,AVOID,0.1928,BUY,0.1252,NEUTRAL,0.1675,BUY,0.0703,AVOID,0.1558,NEUTRAL,0.1552,NEUTRAL,0.0521,AVOID,0.1096,NEUTRAL
2021-02-26,4,Bull Market,0.0,0.1438,NEUTRAL,0.2006,BUY,0.1025,AVOID,0.2001,BUY,0.1165,NEUTRAL,0.1768,BUY,0.0825,AVOID,0.1708,NEUTRAL,0.1678,NEUTRAL,0.063,AVOID,0.1189,NEUTRAL
2021-03-05,4,Bull Market,0.0,0.1473,NEUTRAL,0.1748,BUY,0.0725,AVOID,0.1972,BUY,0.0957,NEUTRAL,0.1633,BUY,0.0709,AVOID,0.1321,NEUTRAL,0.1561,NEUTRAL,0.0561,AVOID,0.1213,NEUTRAL
2021-03-12,4,Bull Market,0.0,0.1456,NEUTRAL,0.1814,BUY,0.0719,AVOID,0.2138,BUY,0.1057,NEUTRAL,0.1797,BUY,0.0673,AVOID,0.1358,NEUTRAL,0.1672,NEUTRAL,0.0701,AVOID,0.1154,NEUTRAL
2021-03-19,4,Bull Market,0.0,0.152,NEUTRAL,0.196,BUY,0.069,AVOID,0.216,BUY,0.11,NEUTRAL,0.2006,BUY,0.0825,AVOID,0.1595,NEUTRAL,0.1888,NEUTRAL,0.0861,AVOID,0.1232,NEUTRAL
2021-03-26,2,Moderate Growth,0.0,0.1848,NEUTRAL,0.2251,BUY,0.0717,AVOID,0.206,BUY,0.1036,NEUTRAL,0.1891,BUY,0.0963,AVOID,0.1241,NEUTRAL,0.186,NEUTRAL,0.0839,AVOID,0.1534,NEUTRAL
2021-04-09,2,Moderate Growth,0.0,0.2146,BUY,0.2327,BUY,0.1126,AVOID,0.1273,NEUTRAL,0.1353,NEUTRAL,0.1713,NEUTRAL,0.0895,AVOID,0.1555,NEUTRAL,0.1857,BUY,0.0698,AVOID,0.165,NEUTRAL
2021-04-16,2,Moderate Growth,0.0,0.2143,BUY,0.2375,BUY,0.1162,AVOID,0.1231,NEUTRAL,0.1517,NEUTRAL,0.1633,NEUTRAL,0.1092,AVOID,0.1411,NEUTRAL,0.1762,BUY,0.0815,AVOID,0.1659,NEUTRAL
2021-04-23,2,Moderate Growth,0.0,0.2028,BUY,0.23,BUY,0.1123,AVOID,0.1227,AVOID,0.1343,NEUTRAL,0.1623,NEUTRAL,0.1242,NEUTRAL,0.1377,NEUTRAL,0.175,BUY,0.0795,AVOID,0.1608,NEUTRAL
2021-04-30,2,Moderate Growth,0.0,0.1946,BUY,0.2299,BUY,0.1003,AVOID,0.125,NEUTRAL,0.1258,NEUTRAL,0.1559,NEUTRAL,0.0997,AVOID,0.1242,NEUTRAL,0.1578,BUY,0.0632,AVOID,0.1465,NEUTRAL
2021-05-07,2,Moderate Growth,0.0,0.1787,BUY,0.2043,BUY,0.0928,AVOID,0.1377,NEUTRAL,0.1258,NEUTRAL,0.1665,BUY,0.1011,AVOID,0.1396,NEUTRAL,0.1559,NEUTRAL,0.0774,AVOID,0.1303,NEUTRAL
2021-05-14,2,Moderate Growth,0.0,0.1852,BUY,0.2091,BUY,0.0795,AVOID,0.1625,NEUTRAL,0.1036,AVOID,0.1727,BUY,0.1113,NEUTRAL,0.1217,NEUTRAL,0.1601,NEUTRAL,0.0839,AVOID,0.1477,NEUTRAL
2021-05-21,2,Moderate Growth,0.0,0.1975,BUY,0.2144,BUY,0.0979,AVOID,0.1351,NEUTRAL,0.1145,NEUTRAL,0.1535,BUY,0.1103,AVOID,0.1272,NEUTRAL,0.1514,NEUTRAL,0.0642,AVOID,0.1515,NEUTRAL
2021-05-28,2,Moderate Growth,0.0,0.1886,BUY,0.2129,BUY,0.0985,AVOID,0.1237,NEUTRAL,0.1189,NEUTRAL,0.1475,NEUTRAL,0.1025,AVOID,0.1268,NEUTRAL,0.1504,BUY,0.0568,AVOID,0.1462,NEUTRAL
2021-06-04,2,Moderate Growth,0.0,0.1881,BUY,0.2257,BUY,0.1006,AVOID,0.1259,NEUTRAL,0.1132,NEUTRAL,0.1498,NEUTRAL,0.1006,AVOID,0.1259,NEUTRAL,0.1507,NEUTRAL,0.0574,AVOID,0.1508,BUY
2021-06-11,2,Moderate Growth,0.0,0.1816,BUY,0.2256,BUY,0.0869,AVOID,0.1304,NEUTRAL,0.1021,AVOID,0.1434,NEUTRAL,0.1045,NEUTRAL,0.1164,NEUTRAL,0.1421,NEUTRAL,0.0524,AVOID,0.1448,BUY
2021-06-18,2,Moderate Growth,0.0,0.1673,BUY,0.2242,BUY,0.0991,AVOID,0.1355,BUY,0.1115,NEUTRAL,0.1269,NEUTRAL,0.1057,AVOID,0.1266,NEUTRAL,0.1337,NEUTRAL,0.0355,AVOID,0.1302,NEUTRAL
2021-06-25,2,Moderate Growth,0.0,0.1665,BUY,0.2222,BUY,0.1109,AVOID,0.158,BUY,0.1294,NEUTRAL,0.1362,NEUTRAL,0.1057,AVOID,0.1401,NEUTRAL,0.1373,NEUTRAL,0.0327,AVOID,0.133,NEUTRAL
2021-07-02,2,Moderate Growth,0.0,0.1505,BUY,0.1991,BUY,0.1011,AVOID,0.1526,BUY,0.1232,NEUTRAL,0.1248,NEUTRAL,0.0971,AVOID,0.1304,NEUTRAL,0.1331,NEUTRAL,0.0299,AVOID,0.1206,NEUTRAL
2021-07-09,2,Moderate Growth,0.0,0.1612,BUY,0.2227,BUY,0.1129,AVOID,0.1492,BUY,0.1264,NEUTRAL,0.1265,NEUTRAL,0.115,AVOID,0.1327,NEUTRAL,0.135,NEUTRAL,0.033,AVOID,0.1305,NEUTRAL
2021-07-16,2,Moderate Growth,0.0,0.177,BUY,0.2234,BUY,0.1118,AVOID,0.1266,NEUTRAL,0.1234,NEUTRAL,0.1343,NEUTRAL,0.1196,AVOID,0.1402,NEUTRAL,0.141,NEUTRAL,0.0351,AVOID,0.1429,BUY
2021-07-23,2,Moderate Growth,0.0,0.1653,BUY,0.1919,BUY,0.0945,AVOID,0.1193,NEUTRAL,0.1163,NEUTRAL,0.1261,NEUTRAL,0.1001,AVOID,0.1253,NEUTRAL,0.1361,BUY,0.0356,AVOID,0.1339,NEUTRAL
2021-07-30,2,Moderate Growth,0.0,0.1608,BUY,0.1842,BUY,0.0828,AVOID,0.1187,NEUTRAL,0.1049,NEUTRAL,0.1259,NEUTRAL,0.0891,AVOID,0.1137,NEUTRAL,0.1311,BUY,0.039,AVOID,0.1267,NEUTRAL
2021-08-06,2,Moderate Growth,0.0,0.1627,BUY,0.1845,BUY,0.0819,AVOID,0.1185,NEUTRAL,0.1032,NEUTRAL,0.1259,NEUTRAL,0.0861,AVOID,0.1122,NEUTRAL,0.1282,BUY,0.0355,AVOID,0.1225,NEUTRAL
2021-08-13,2,Moderate Growth,0.0,0.1576,BUY,0.1768,BUY,0.0726,AVOID,0.1173,NEUTRAL,0.0971,NEUTRAL,0.1222,NEUTRAL,0.0786,AVOID,0.1059,NEUTRAL,0.1247,BUY,0.0327,AVOID,0.12,NEUTRAL
2021-08-20,2,Moderate Growth,0.0,0.1609,BUY,0.1756,BUY,0.0713,AVOID,0.117,NEUTRAL,0.0941,NEUTRAL,0.1234,NEUTRAL,0.0829,AVOID,0.1059,NEUTRAL,0.1254,BUY,0.0341,AVOID,0.1227,NEUTRAL
2021-08-27,2,Moderate Growth,0.0,0.1576,BUY,0.1722,BUY,0.0812,AVOID,0.1249,NEUTRAL,0.098,NEUTRAL,0.1377,BUY,0.088,AVOID,0.1148,NEUTRAL,0.1281,NEUTRAL,0.0418,AVOID,0.1133,NEUTRAL
2021-09-03,2,Moderate Growth,0.0,0.175,BUY,0.1956,BUY,0.0917,AVOID,0.1173,NEUTRAL,0.1061,NEUTRAL,0.1334,BUY,0.0995,AVOID,0.1196,NEUTRAL,0.1322,NEUTRAL,0.043,AVOID,0.1311,NEUTRAL
2021-09-10,2,Moderate Growth,0.0,0.1887,BUY,0.2034,BUY,0.1099,AVOID,0.1177,NEUTRAL,0.1253,NEUTRAL,0.1435,NEUTRAL,0.1095,AVOID,0.1363,NEUTRAL,0.1375,NEUTRAL,0.0483,AVOID,0.1439,BUY
2021-09-17,2,Moderate Growth,0.0,0.1827,BUY,0.2046,BUY,0.1082,AVOID,0.1186,NEUTRAL,0.1233,NEUTRAL,0.1417,NEUTRAL,0.1142,AVOID,0.1306,NEUTRAL,0.1331,NEUTRAL,0.0418,AVOID,0.1464,BUY
2021-09-24,2,Moderate Growth,0.0,0.1825,BUY,0.2067,BUY,0.1168,AVOID,0.1251,NEUTRAL,0.1288,NEUTRAL,0.1491,BUY,0.1206,AVOID,0.1279,NEUTRAL,0.1271,NEUTRAL,0.0336,AVOID,0.1404,NEUTRAL
2021-10-01,2,Moderate Growth,0.0,0.1651,BUY,0.1858,BUY,0.0952,AVOID,0.1552,NEUTRAL,0.1142,NEUTRAL,0.1751,BUY,0.0868,AVOID,0.1265,NEUTRAL,0.1215,NEUTRAL,0.0396,AVOID,0.1271,NEUTRAL
2021-10-08,2,Moderate Growth,0.0,0.1773,BUY,0.1768,NEUTRAL,0.1063,AVOID,0.2238,BUY,0.1454,NEUTRAL,0.2021,BUY,0.0974,AVOID,0.1319,NEUTRAL,0.1389,NEUTRAL,0.0487,AVOID,0.1403,NEUTRAL
2021-10-15,2,Moderate Growth,0.0,0.1882,NEUTRAL,0.2051,BUY,0.1122,NEUTRAL,0.233,BUY,0.1599,NEUTRAL,0.2149,BUY,0.0793,AVOID,0.1088,AVOID,0.1413,NEUTRAL,0.0812,AVOID,0.147,NEUTRAL
2021-10-22,2,Moderate Growth,0.0,0.1968,NEUTRAL,0.237,BUY,0.1286,NEUTRAL,0.2102,BUY,0.1662,NEUTRAL,0.2221,BUY,0.1052,AVOID,0.105,AVOID,0.1605,NEUTRAL,0.0681,AVOID,0.1471,NEUTRAL
2021-10-29,2,Moderate Growth,0.0,0.1574,NEUTRAL,0.195,BUY,0.0998,NEUTRAL,0.1897,BUY,0.1666,NEUTRAL,0.1727,BUY,0.0925,AVOID,0.095,AVOID,0.1449,NEUTRAL,0.0595,AVOID,0.1328,NEUTRAL
2021-11-05,2,Moderate Growth,0.0,0.1539,NEUTRAL,0.198,BUY,0.1085,NEUTRAL,0.1658,BUY,0.173,BUY,0.136,NEUTRAL,0.0821,AVOID,0.097,AVOID,0.1379,NEUTRAL,0.0511,AVOID,0.1342,NEUTRAL
2021-11-12,2,Moderate Growth,0.0,0.1416,NEUTRAL,0.1849,BUY,0.0964,AVOID,0.1579,BUY,0.1453,BUY,0.1412,NEUTRAL,0.0769,AVOID,0.1019,NEUTRAL,0.1419,NEUTRAL,0.0593,AVOID,0.1229,NEUTRAL
2021-11-19,2,Moderate Growth,0.0,0.1505,BUY,0.1872,BUY,0.0973,NEUTRAL,0.1407,NEUTRAL,0.1465,BUY,0.1277,NEUTRAL,0.0789,AVOID,0.0958,AVOID,0.1341,NEUTRAL,0.0483,AVOID,0.1257,NEUTRAL
2021-11-26,2,Moderate Growth,0.0,0.1643,BUY,0.1946,BUY,0.107,NEUTRAL,0.1552,BUY,0.1513,NEUTRAL,0.1432,NEUTRAL,0.0929,AVOID,0.0967,AVOID,0.1434,NEUTRAL,0.0574,AVOID,0.137,NEUTRAL
2021-12-03,2,Moderate Growth,0.0,0.1912,BUY,0.2293,BUY,0.1468,NEUTRAL,0.1721,NEUTRAL,0.1836,BUY,0.1595,NEUTRAL,0.1128,AVOID,0.1071,AVOID,0.1638,NEUTRAL,0.0796,AVOID,0.1604,NEUTRAL
2021-12-10,2,Moderate Growth,0.0,0.201,BUY,0.2317,BUY,0.1569,NEUTRAL,0.1779,NEUTRAL,0.1813,BUY,0.1636,NEUTRAL,0.1218,AVOID,0.105,AVOID,0.1725,NEUTRAL,0.0905,AVOID,0.1724,NEUTRAL
2021-12-17,2,Moderate Growth,0.0,0.2258,BUY,0.2525,BUY,0.1447,NEUTRAL,0.1633,NEUTRAL,0.1622,NEUTRAL,0.1605,NEUTRAL,0.1438,AVOID,0.1061,AVOID,0.1641,NEUTRAL,0.1047,AVOID,0.1929,BUY
2021-12-31,2,Moderate Growth,0.0,0.2079,BUY,0.246,BUY,0.1276,AVOID,0.1292,NEUTRAL,0.1432,NEUTRAL,0.1377,NEUTRAL,0.1443,NEUTRAL,0.1022,AVOID,0.152,NEUTRAL,0.0833,AVOID,0.1822,BUY
2022-01-07,2,Moderate Growth,0.0,0.1925,BUY,0.2088,BUY,0.1016,AVOID,0.1655,NEUTRAL,0.1291,NEUTRAL,0.1605,NEUTRAL,0.1128,NEUTRAL,0.0977,AVOID,0.1566,NEUTRAL,0.0738,AVOID,0.1785,BUY
2022-01-14,2,Moderate Growth,0.0,0.1633,BUY,0.1796,BUY,0.0794,AVOID,0.1787,BUY,0.1128,NEUTRAL,0.1461,NEUTRAL,0.0922,AVOID,0.0978,NEUTRAL,0.1426,NEUTRAL,0.0588,AVOID,0.1612,NEUTRAL
2022-01-21,1,High Volatility,0.0,0.2187,BUY,0.0939,NEUTRAL,0.0733,NEUTRAL,0.2035,BUY,0.0269,AVOID,0.0627,NEUTRAL,0.1071,NEUTRAL,0.0584,AVOID,0.04,AVOID,0.1513,NEUTRAL,0.1605,BUY
2022-01-28,1,High Volatility,0.0,0.213,BUY,0.0986,NEUTRAL,0.0865,NEUTRAL,0.2398,BUY,0.0143,AVOID,0.0743,NEUTRAL,0.1131,NEUTRAL,0.0565,AVOID,0.0336,AVOID,0.1423,NEUTRAL,0.1601,BUY
2022-02-04,1,High Volatility,0.0,0.2193,BUY,0.092,NEUTRAL,0.0792,NEUTRAL,0.2439,BUY,0.033,AVOID,0.0871,NEUTRAL,0.1189,NEUTRAL,0.0543,AVOID,0.0284,AVOID,0.1331,NEUTRAL,0.1562,BUY
2022-02-11,1,High Volatility,0.0,0.208,BUY,0.0859,NEUTRAL,0.0704,NEUTRAL,0.2562,BUY,0.0293,AVOID,0.0898,NEUTRAL,0.1124,NEUTRAL,0.0535,AVOID,0.0319,AVOID,0.1441,NEUTRAL,0.1514,BUY
2022-02-18,1,High Volatility,0.0,0.2062,BUY,0.0836,NEUTRAL,0.0722,NEUTRAL,0.2578,BUY,0.0353,AVOID,0.0866,NEUTRAL,0.1111,NEUTRAL,0.0517,AVOID,0.0366,AVOID,0.1531,NEUTRAL,0.1644,BUY
2022-02-25,1,High Volatility,0.0,0.2199,BUY,0.0969,NEUTRAL,0.0766,NEUTRAL,0.2707,BUY,0.0239,AVOID,0.0883,NEUTRAL,0.1299,NEUTRAL,0.0583,AVOID,0.0438,AVOID,0.1588,NEUTRAL,0.1676,BUY
2022-03-04,1,High Volatility,0.0,0.2339,BUY,0.0986,NEUTRAL,0.0618,NEUTRAL,0.2809,BUY,0.0182,AVOID,0.0577,NEUTRAL,0.1276,NEUTRAL,0.0492,AVOID,0.0429,AVOID,0.1485,NEUTRAL,0.1497,BUY
2022-03-11,1,High Volatility,0.0,0.2345,BUY,0.0971,NEUTRAL,0.0537,NEUTRAL,0.2886,BUY,0.0203,AVOID,0.0564,NEUTRAL,0.1142,NEUTRAL,0.0451,AVOID,0.0421,AVOID,0.1464,BUY,0.1152,NEUTRAL
2022-03-18,1,High Volatility,0.0,0.2422,BUY,0.103,NEUTRAL,0.0695,NEUTRAL,0.2983,BUY,0.042,AVOID,0.0736,NEUTRAL,0.1458,NEUTRAL,0.046,AVOID,0.0618,AVOID,0.1696,BUY,0.1255,NEUTRAL
2022-03-25,1,High Volatility,0.0,0.2415,BUY,0.0882,NEUTRAL,0.068,NEUTRAL,0.3011,BUY,0.0336,AVOID,0.0662,NEUTRAL,0.1233,NEUTRAL,0.0479,AVOID,0.0483,AVOID,0.1652,BUY,0.1178,NEUTRAL
2022-04-01,1,High Volatility,0.0,0.271,BUY,0.1197,NEUTRAL,0.075,NEUTRAL,0.3069,BUY,0.0391,AVOID,0.0528,AVOID,0.1412,NEUTRAL,0.0549,NEUTRAL,0.043,AVOID,0.1667,BUY,0.1261,NEUTRAL
2022-04-08,1,High Volatility,0.0,0.2972,BUY,0.136,NEUTRAL,0.0583,NEUTRAL,0.3202,BUY,0.0334,AVOID,0.0497,NEUTRAL,0.1712,NEUTRAL,0.0475,AVOID,0.0294,AVOID,0.1728,BUY,0.1574,NEUTRAL
2022-04-22,1,High Volatility,0.0,0.2977,BUY,0.161,NEUTRAL,0.0773,NEUTRAL,0.2949,BUY,0.0761,NEUTRAL,0.0713,AVOID,0.1652,NEUTRAL,0.0471,AVOID,0.0637,AVOID,0.1979,NEUTRAL,0.2049,BUY
2022-04-29,1,High Volatility,0.0,0.3023,BUY,0.1567,NEUTRAL,0.0908,NEUTRAL,0.3402,BUY,0.0508,AVOID,0.0661,AVOID,0.1677,NEUTRAL,0.0455,AVOID,0.0703,NEUTRAL,0.221,NEUTRAL,0.2217,BUY
2022-05-06,1,High Volatility,0.0,0.2791,BUY,0.1174,NEUTRAL,0.0696,NEUTRAL,0.3468,BUY,0.0221,AVOID,0.0539,AVOID,0.1449,NEUTRAL,0.0469,AVOID,0.0612,NEUTRAL,0.1827,NEUTRAL,0.1883,BUY
2022-05-13,1,High Volatility,0.0,0.2623,BUY,0.0954,NEUTRAL,0.0647,NEUTRAL,0.3155,BUY,0.0179,AVOID,0.0555,AVOID,0.1392,NEUTRAL,0.0604,NEUTRAL,0.0569,AVOID,0.1671,NEUTRAL,0.1789,BUY
2022-05-20,1,High Volatility,0.0,0.2602,BUY,0.0934,NEUTRAL,0.066,NEUTRAL,0.3065,BUY,0.0078,AVOID,0.0646,AVOID,0.1425,NEUTRAL,0.0688,NEUTRAL,0.0575,AVOID,0.174,BUY,0.1376,NEUTRAL
2022-05-27,1,High Volatility,0.0,0.2507,BUY,0.0856,NEUTRAL,0.072,NEUTRAL,0.2989,BUY,0.0129,AVOID,0.0693,NEUTRAL,0.1304,NEUTRAL,0.0581,AVOID,0.0486,AVOID,0.1663,BUY,0.1337,NEUTRAL
2022-06-03,1,High Volatility,0.0,0.2342,BUY,0.0708,NEUTRAL,0.068,NEUTRAL,0.2961,BUY,0.0157,AVOID,0.0626,AVOID,0.1144,NEUTRAL,0.0656,NEUTRAL,0.0471,AVOID,0.1611,BUY,0.122,NEUTRAL
2022-06-10,1,High Volatility,0.0,0.2255,BUY,0.0671,NEUTRAL,0.0556,NEUTRAL,0.2971,BUY,0.0169,AVOID,0.0531,AVOID,0.1088,NEUTRAL,0.0635,NEUTRAL,0.0415,AVOID,0.143,BUY,0.1206,NEUTRAL
2022-06-17,1,High Volatility,0.0,0.2325,BUY,0.0817,NEUTRAL,0.0767,NEUTRAL,0.2659,BUY,0.02,AVOID,0.0648,AVOID,0.148,NEUTRAL,0.0878,NEUTRAL,0.0528,AVOID,0.1516,BUY,0.1512,NEUTRAL
2022-06-24,1,High Volatility,0.0,0.2531,BUY,0.116,NEUTRAL,0.1091,NEUTRAL,0.2507,BUY,0.063,AVOID,0.0736,AVOID,0.1758,BUY,0.0899,NEUTRAL,0.0498,AVOID,0.144,NEUTRAL,0.1651,NEUTRAL
2022-07-01,1,High Volatility,0.0,0.2739,BUY,0.1127,NEUTRAL,0.0824,NEUTRAL,0.2553,BUY,0.0455,AVOID,0.0741,NEUTRAL,0.172,NEUTRAL,0.0659,AVOID,0.0603,AVOID,0.1261,NEUTRAL,0.1963,BUY
2022-07-08,1,High Volatility,0.0,0.2681,BUY,0.1097,NEUTRAL,0.13,NEUTRAL,0.2652,BUY,0.0969,AVOID,0.0821,AVOID,0.1894,NEUTRAL,0.1111,NEUTRAL,0.0765,AVOID,0.1329,NEUTRAL,0.1974,BUY
2022-07-15,1,High Volatility,0.0,0.2684,BUY,0.1039,NEUTRAL,0.1143,NEUTRAL,0.2551,BUY,0.0618,AVOID,0.08,AVOID,0.1883,NEUTRAL,0.0919,NEUTRAL,0.0588,AVOID,0.1276,NEUTRAL,0.1888,BUY
2022-07-22,1,High Volatility,0.0,0.2581,BUY,0.1041,NEUTRAL,0.13,NEUTRAL,0.2595,BUY,0.0896,AVOID,0.0926,AVOID,0.1809,BUY,0.1041,NEUTRAL,0.0747,AVOID,0.1436,NEUTRAL,0.1708,NEUTRAL
2022-07-29,1,High Volatility,0.0,0.2624,BUY,0.1062,NEUTRAL,0.1049,NEUTRAL,0.253,BUY,0.0796,NEUTRAL,0.0706,AVOID,0.1497,BUY,0.0657,AVOID,0.0652,AVOID,0.1285,NEUTRAL,0.1437,NEUTRAL
2022-08-05,1,High Volatility,0.0,0.2561,BUY,0.1067,NEUTRAL,0.1075,NEUTRAL,0.2419,BUY,0.0797,NEUTRAL,0.0676,AVOID,0.1408,BUY,0.0637,AVOID,0.0692,AVOID,0.1242,NEUTRAL,0.134,NEUTRAL
2022-08-12,1,High Volatility,0.0,0.2611,BUY,0.1138,NEUTRAL,0.109,NEUTRAL,0.2466,BUY,0.0815,AVOID,0.0826,NEUTRAL,0.1364,BUY,0.068,AVOID,0.0719,AVOID,0.1287,NEUTRAL,0.1318,NEUTRAL
2022-08-19,1,High Volatility,0.0,0.2457,BUY,0.0951,NEUTRAL,0.0992,NEUTRAL,0.2502,BUY,0.0806,NEUTRAL,0.0703,AVOID,0.127,NEUTRAL,0.0682,AVOID,0.0683,AVOID,0.1285,NEUTRAL,0.1536,BUY
2022-08-26,1,High Volatility,0.0,0.2434,BUY,0.0905,NEUTRAL,0.0818,NEUTRAL,0.2599,BUY,0.0652,NEUTRAL,0.0629,AVOID,0.1174,NEUTRAL,0.0581,AVOID,0.0617,AVOID,0.1279,NEUTRAL,0.1457,BUY
2022-09-02,1,High Volatility,0.0,0.2564,BUY,0.0879,NEUTRAL,0.0727,NEUTRAL,0.2771,BUY,0.0624,AVOID,0.0685,NEUTRAL,0.1222,NEUTRAL,0.0616,AVOID,0.0564,AVOID,0.127,NEUTRAL,0.1433,BUY
2022-09-09,1,High Volatility,0.0,0.2534,BUY,0.0859,NEUTRAL,0.0618,AVOID,0.2525,BUY,0.06,AVOID,0.0745,NEUTRAL,0.1269,NEUTRAL,0.0661,NEUTRAL,0.0491,AVOID,0.1351,NEUTRAL,0.1365,BUY
2022-09-16,1,High Volatility,0.0,0.2294,BUY,0.0739,NEUTRAL,0.0511,AVOID,0.2573,BUY,0.0497,AVOID,0.0673,NEUTRAL,0.1214,NEUTRAL,0.06,NEUTRAL,0.0349,AVOID,0.1258,BUY,0.1256,NEUTRAL
2022-09-23,1,High Volatility,0.0,0.247,BUY,0.0643,NEUTRAL,0.0553,NEUTRAL,0.2463,BUY,0.0488,AVOID,0.0662,NEUTRAL,0.1352,NEUTRAL,0.0541,AVOID,0.036,AVOID,0.1207,NEUTRAL,0.1432,BUY
2022-09-30,1,High Volatility,0.0,0.1982,BUY,0.0623,NEUTRAL,0.0452,AVOID,0.2503,BUY,0.0435,AVOID,0.0685,NEUTRAL,0.1371,BUY,0.0625,NEUTRAL,0.0349,AVOID,0.1305,NEUTRAL,0.1262,NEUTRAL
2022-10-07,1,High Volatility,0.0,0.1863,BUY,0.0598,NEUTRAL,0.059,AVOID,0.2625,BUY,0.0443,AVOID,0.0736,NEUTRAL,0.1321,BUY,0.0703,NEUTRAL,0.0494,AVOID,0.126,NEUTRAL,0.1218,NEUTRAL
2022-10-14,1,High Volatility,0.0,0.1838,BUY,0.0594,AVOID,0.0597,AVOID,0.2736,BUY,0.0402,AVOID,0.0858,NEUTRAL,0.1451,BUY,0.0713,NEUTRAL,0.06,NEUTRAL,0.133,NEUTRAL,0.1374,NEUTRAL
2022-10-21,1,High Volatility,0.0,0.1773,BUY,0.0591,AVOID,0.0649,NEUTRAL,0.2764,BUY,0.0414,AVOID,0.0799,NEUTRAL,0.1318,NEUTRAL,0.0744,NEUTRAL,0.0603,AVOID,0.1339,BUY,0.1317,NEUTRAL
2022-10-28,1,High Volatility,0.0,0.1833,BUY,0.0681,AVOID,0.0705,NEUTRAL,0.2863,BUY,0.0312,AVOID,0.0855,NEUTRAL,0.1408,NEUTRAL,0.0604,AVOID,0.0722,NEUTRAL,0.1387,NEUTRAL,0.1426,BUY
2022-11-04,1,High Volatility,0.0,0.1848,BUY,0.0709,NEUTRAL,0.0532,AVOID,0.2844,BUY,0.0278,AVOID,0.0816,NEUTRAL,0.1264,NEUTRAL,0.0512,AVOID,0.0687,NEUTRAL,0.1404,BUY,0.1284,NEUTRAL
2022-11-11,3,Recovery,0.0,0.1475,NEUTRAL,0.1758,BUY,0.1029,NEUTRAL,0.1678,BUY,0.1147,NEUTRAL,0.1481,NEUTRAL,0.0894,AVOID,0.0943,AVOID,0.1494,BUY,0.0867,AVOID,0.137,NEUTRAL
2022-11-18,3,Recovery,0.0,0.1696,NEUTRAL,0.2086,BUY,0.126,NEUTRAL,0.1579,NEUTRAL,0.1198,NEUTRAL,0.1708,BUY,0.0988,AVOID,0.118,AVOID,0.1724,BUY,0.1091,AVOID,0.1599,NEUTRAL
2022-11-25,3,Recovery,0.0,0.1918,BUY,0.2148,BUY,0.1337,NEUTRAL,0.1465,NEUTRAL,0.1276,AVOID,0.1749,NEUTRAL,0.0971,AVOID,0.1208,AVOID,0.1817,BUY,0.1352,NEUTRAL,0.1608,NEUTRAL
2022-12-02,3,Recovery,0.0,0.1904,BUY,0.2143,BUY,0.1247,AVOID,0.1203,AVOID,0.1327,NEUTRAL,0.1662,NEUTRAL,0.1198,AVOID,0.1386,NEUTRAL,0.1849,BUY,0.1336,NEUTRAL,0.1772,NEUTRAL
2022-12-09,3,Recovery,0.0,0.2246,BUY,0.2393,BUY,0.1407,AVOID,0.1084,AVOID,0.1507,NEUTRAL,0.1727,NEUTRAL,0.1489,AVOID,0.1674,NEUTRAL,0.1936,NEUTRAL,0.1518,NEUTRAL,0.1999,BUY
2022-12-16,3,Recovery,0.0,0.2473,BUY,0.2522,BUY,0.1718,NEUTRAL,0.1105,AVOID,0.1544,AVOID,0.1695,NEUTRAL,0.161,NEUTRAL,0.1973,NEUTRAL,0.2035,NEUTRAL,0.1532,AVOID,0.2153,BUY
2022-12-23,3,Recovery,0.0,0.2559,BUY,0.2227,BUY,0.1097,AVOID,0.1462,NEUTRAL,0.1034,AVOID,0.16,NEUTRAL,0.1612,NEUTRAL,0.1523,NEUTRAL,0.1926,NEUTRAL,0.1197,AVOID,0.2193,BUY
2022-12-30,3,Recovery,0.0,0.2571,BUY,0.2282,BUY,0.1035,AVOID,0.1437,NEUTRAL,0.1034,AVOID,0.171,NEUTRAL,0.1583,NEUTRAL,0.1511,NEUTRAL,0.1918,NEUTRAL,0.1141,AVOID,0.21,BUY
2023-01-06,3,Recovery,0.0,0.2351,BUY,0.2322,BUY,0.0864,AVOID,0.1294,NEUTRAL,0.1058,AVOID,0.1849,NEUTRAL,0.1354,NEUTRAL,0.1854,NEUTRAL,0.1988,NEUTRAL,0.1195,AVOID,0.2005,BUY
2023-01-13,3,Recovery,0.0,0.1915,BUY,0.2273,BUY,0.093,AVOID,0.1242,NEUTRAL,0.1205,NEUTRAL,0.1597,NEUTRAL,0.0798,AVOID,0.1711,BUY,0.1652,NEUTRAL,0.1172,AVOID,0.1385,NEUTRAL
2023-01-20,3,Recovery,0.0,0.1626,BUY,0.2101,BUY,0.1006,AVOID,0.1318,NEUTRAL,0.1263,NEUTRAL,0.1433,NEUTRAL,0.0733,AVOID,0.166,BUY,0.1355,NEUTRAL,0.0963,AVOID,0.1185,NEUTRAL
2023-01-27,3,Recovery,0.0,0.1475,BUY,0.2029,BUY,0.1022,AVOID,0.1205,NEUTRAL,0.1448,NEUTRAL,0.1432,NEUTRAL,0.0617,AVOID,0.167,BUY,0.1346,NEUTRAL,0.0866,AVOID,0.1137,NEUTRAL
2023-02-03,3,Recovery,0.0,0.1506,BUY,0.1999,BUY,0.1116,NEUTRAL,0.1,AVOID,0.1478,NEUTRAL,0.1411,NEUTRAL,0.0734,AVOID,0.1657,BUY,0.1382,NEUTRAL,0.0804,AVOID,0.1269,NEUTRAL
2023-02-10,3,Recovery,0.0,0.1447,NEUTRAL,0.2056,BUY,0.1202,NEUTRAL,0.1086,AVOID,0.1505,BUY,0.1451,NEUTRAL,0.065,AVOID,0.1658,BUY,0.139,NEUTRAL,0.0732,AVOID,0.1198,NEUTRAL
2023-02-17,3,Recovery,0.0,0.1688,NEUTRAL,0.228,BUY,0.1557,NEUTRAL,0.1,AVOID,0.2003,BUY,0.1733,NEUTRAL,0.079,AVOID,0.2126,BUY,0.1736,NEUTRAL,0.0991,AVOID,0.1355,NEUTRAL
2023-02-24,3,Recovery,0.0,0.1567,NEUTRAL,0.2225,BUY,0.158,NEUTRAL,0.1176,AVOID,0.1838,BUY,0.1734,NEUTRAL,0.0669,AVOID,0.2055,BUY,0.1698,NEUTRAL,0.1127,AVOID,0.1382,NEUTRAL
2023-03-03,3,Recovery,0.0,0.1488,NEUTRAL,0.2112,BUY,0.1449,NEUTRAL,0.1295,NEUTRAL,0.1717,BUY,0.167,NEUTRAL,0.0631,AVOID,0.186,BUY,0.1706,NEUTRAL,0.1142,AVOID,0.1293,AVOID
2023-03-10,3,Recovery,0.0,0.1544,NEUTRAL,0.1951,BUY,0.1491,NEUTRAL,0.1266,AVOID,0.1647,NEUTRAL,0.1381,NEUTRAL,0.0648,AVOID,0.1851,BUY,0.1652,BUY,0.095,AVOID,0.1417,NEUTRAL
2023-03-17,3,Recovery,0.0,0.1654,BUY,0.1935,BUY,0.1473,NEUTRAL,0.1084,AVOID,0.1643,NEUTRAL,0.1256,NEUTRAL,0.0764,AVOID,0.1808,BUY,0.1508,NEUTRAL,0.0795,AVOID,0.1439,NEUTRAL
2023-03-24,3,Recovery,0.0,0.1585,NEUTRAL,0.1832,BUY,0.1524,NEUTRAL,0.1031,AVOID,0.1639,BUY,0.1195,NEUTRAL,0.0803,AVOID,0.1858,BUY,0.1473,NEUTRAL,0.0806,AVOID,0.1471,NEUTRAL
2023-03-31,3,Recovery,0.0,0.1599,NEUTRAL,0.1866,BUY,0.1579,NEUTRAL,0.1172,NEUTRAL,0.1675,BUY,0.1131,AVOID,0.0773,AVOID,0.1831,BUY,0.1506,NEUTRAL,0.0876,AVOID,0.1487,NEUTRAL
2023-04-14,3,Recovery,0.0,0.1794,BUY,0.1748,BUY,0.154,NEUTRAL,0.1318,NEUTRAL,0.1611,NEUTRAL,0.1149,AVOID,0.1058,AVOID,0.201,BUY,0.1407,NEUTRAL,0.0768,AVOID,0.1607,NEUTRAL
2023-04-21,3,Recovery,0.0,0.1865,BUY,0.1817,BUY,0.1534,NEUTRAL,0.113,AVOID,0.1657,NEUTRAL,0.1161,NEUTRAL,0.1063,AVOID,0.197,BUY,0.1337,NEUTRAL,0.0767,AVOID,0.1675,NEUTRAL
2023-04-28,3,Recovery,0.0,0.1483,NEUTRAL,0.18,BUY,0.1301,NEUTRAL,0.1597,NEUTRAL,0.144,NEUTRAL,0.1415,NEUTRAL,0.0909,AVOID,0.1966,BUY,0.1274,AVOID,0.0866,AVOID,0.1687,BUY
2023-05-05,3,Recovery,0.0,0.1882,BUY,0.2177,BUY,0.1173,NEUTRAL,0.1057,AVOID,0.1517,NEUTRAL,0.1464,NEUTRAL,0.113,AVOID,0.1391,NEUTRAL,0.1269,NEUTRAL,0.0803,AVOID,0.1851,BUY
2023-05-12,3,Recovery,0.0,0.1866,BUY,0.1926,BUY,0.1269,NEUTRAL,0.1015,AVOID,0.1512,NEUTRAL,0.1404,NEUTRAL,0.1134,AVOID,0.1785,NEUTRAL,0.1396,NEUTRAL,0.0715,AVOID,0.1803,BUY
2023-05-19,3,Recovery,0.0,0.1542,NEUTRAL,0.1874,BUY,0.1792,NEUTRAL,0.1021,AVOID,0.1932,BUY,0.1601,NEUTRAL,0.1018,AVOID,0.2085,BUY,0.1692,NEUTRAL,0.0884,AVOID,0.174,NEUTRAL
2023-05-26,3,Recovery,0.0,0.1508,NEUTRAL,0.1842,NEUTRAL,0.2027,BUY,0.1018,AVOID,0.1893,BUY,0.141,NEUTRAL,0.0873,AVOID,0.214,BUY,0.1547,NEUTRAL,0.0675,AVOID,0.1538,NEUTRAL
2023-06-02,3,Recovery,0.0,0.1412,NEUTRAL,0.1927,NEUTRAL,0.2075,BUY,0.1027,AVOID,0.202,BUY,0.1424,NEUTRAL,0.0908,AVOID,0.2244,BUY,0.1599,NEUTRAL,0.0783,AVOID,0.1406,NEUTRAL
2023-06-09,3,Recovery,0.0,0.1467,NEUTRAL,0.1866,NEUTRAL,0.189,BUY,0.1066,AVOID,0.2152,BUY,0.149,NEUTRAL,0.0845,AVOID,0.2002,BUY,0.1695,NEUTRAL,0.078,AVOID,0.1197,NEUTRAL
2023-06-16,3,Recovery,0.0,0.1402,NEUTRAL,0.1781,BUY,0.1618,NEUTRAL,0.1134,AVOID,0.1915,BUY,0.1446,NEUTRAL,0.0757,AVOID,0.18,BUY,0.1596,NEUTRAL,0.0809,AVOID,0.1198,NEUTRAL
2023-06-23,3,Recovery,0.0,0.1365,NEUTRAL,0.1688,BUY,0.1581,NEUTRAL,0.1146,AVOID,0.1943,BUY,0.1466,NEUTRAL,0.0895,AVOID,0.175,BUY,0.1638,NEUTRAL,0.0872,AVOID,0.1263,NEUTRAL
2023-06-30,3,Recovery,0.0,0.1357,NEUTRAL,0.193,BUY,0.1533,NEUTRAL,0.1245,NEUTRAL,0.1966,BUY,0.1446,NEUTRAL,0.0845,AVOID,0.1593,NEUTRAL,0.1734,BUY,0.0976,AVOID,0.1159,AVOID
2023-07-07,3,Recovery,0.0,0.1316,NEUTRAL,0.2035,BUY,0.1472,NEUTRAL,0.1056,AVOID,0.2031,BUY,0.1502,NEUTRAL,0.0624,AVOID,0.1576,NEUTRAL,0.1752,BUY,0.0928,AVOID,0.1146,NEUTRAL
2023-07-14,3,Recovery,0.0,0.1409,NEUTRAL,0.195,BUY,0.1055,AVOID,0.1185,NEUTRAL,0.1967,BUY,0.144,NEUTRAL,0.0635,AVOID,0.1401,NEUTRAL,0.1727,BUY,0.0991,AVOID,0.1136,NEUTRAL
2023-07-21,3,Recovery,0.0,0.1292,NEUTRAL,0.1769,NEUTRAL,0.1344,NEUTRAL,0.1119,AVOID,0.1796,BUY,0.1829,BUY,0.0986,AVOID,0.1132,NEUTRAL,0.1874,BUY,0.0924,AVOID,0.1231,NEUTRAL
2023-07-28,3,Recovery,0.0,0.1267,NEUTRAL,0.1601,BUY,0.0899,AVOID,0.1546,NEUTRAL,0.1503,NEUTRAL,0.1587,BUY,0.0793,AVOID,0.1554,NEUTRAL,0.1579,BUY,0.0912,AVOID,0.1272,NEUTRAL
2023-08-04,3,Recovery,0.0,0.1222,NEUTRAL,0.1747,BUY,0.0893,AVOID,0.1573,BUY,0.1459,NEUTRAL,0.1557,BUY,0.0707,AVOID,0.1392,NEUTRAL,0.1499,NEUTRAL,0.0799,AVOID,0.1219,NEUTRAL
2023-08-11,3,Recovery,0.0,0.1315,NEUTRAL,0.1726,BUY,0.0836,AVOID,0.1692,BUY,0.1489,NEUTRAL,0.1574,BUY,0.0918,AVOID,0.1535,NEUTRAL,0.1546,NEUTRAL,0.072,AVOID,0.1291,NEUTRAL
2023-08-18,3,Recovery,0.0,0.1307,NEUTRAL,0.1568,BUY,0.0824,AVOID,0.1746,BUY,0.1279,NEUTRAL,0.1499,BUY,0.1017,AVOID,0.1406,NEUTRAL,0.1453,NEUTRAL,0.0744,AVOID,0.1284,NEUTRAL
2023-08-25,3,Recovery,0.0,0.1359,NEUTRAL,0.1649,BUY,0.0942,AVOID,0.1962,BUY,0.1354,NEUTRAL,0.1554,NEUTRAL,0.1172,AVOID,0.1513,NEUTRAL,0.1613,BUY,0.08,AVOID,0.1336,NEUTRAL
2023-09-01,3,Recovery,0.0,0.118,AVOID,0.1819,NEUTRAL,0.1531,NEUTRAL,0.2157,BUY,0.1838,NEUTRAL,0.1683,NEUTRAL,0.115,AVOID,0.2039,BUY,0.187,BUY,0.1195,AVOID,0.1334,NEUTRAL
2023-09-08,3,Recovery,0.0,0.1186,NEUTRAL,0.1747,BUY,0.1094,NEUTRAL,0.2086,BUY,0.157,BUY,0.1505,NEUTRAL,0.0878,AVOID,0.1516,NEUTRAL,0.1408,NEUTRAL,0.0683,AVOID,0.1072,AVOID
2023-09-15,3,Recovery,0.0,0.1559,BUY,0.1734,BUY,0.0777,AVOID,0.1801,BUY,0.1433,NEUTRAL,0.1498,NEUTRAL,0.0846,AVOID,0.135,NEUTRAL,0.121,NEUTRAL,0.0583,AVOID,0.1039,NEUTRAL
2023-09-22,3,Recovery,0.0,0.1853,BUY,0.1514,NEUTRAL,0.124,NEUTRAL,0.1915,BUY,0.1358,NEUTRAL,0.1693,BUY,0.099,AVOID,0.1613,NEUTRAL,0.1263,NEUTRAL,0.0687,AVOID,0.1176,AVOID
2023-09-29,3,Recovery,0.0,0.1204,NEUTRAL,0.1671,NEUTRAL,0.144,NEUTRAL,0.2279,BUY,0.1871,BUY,0.1812,NEUTRAL,0.1073,AVOID,0.2063,BUY,0.1525,NEUTRAL,0.1015,AVOID,0.1176,AVOID
2023-10-06,3,Recovery,0.0,0.1197,AVOID,0.1651,NEUTRAL,0.1418,NEUTRAL,0.1778,BUY,0.172,NEUTRAL,0.1788,BUY,0.1298,NEUTRAL,0.2017,BUY,0.1513,NEUTRAL,0.0957,AVOID,0.1151,AVOID
2023-10-13,3,Recovery,0.0,0.1491,NEUTRAL,0.1639,BUY,0.1132,AVOID,0.1931,BUY,0.136,NEUTRAL,0.1618,NEUTRAL,0.1219,NEUTRAL,0.2022,BUY,0.1348,NEUTRAL,0.0549,AVOID,0.1034,AVOID
2023-10-20,3,Recovery,0.0,0.143,NEUTRAL,0.1643,BUY,0.1065,AVOID,0.1783,BUY,0.1167,NEUTRAL,0.1551,NEUTRAL,0.1107,AVOID,0.1669,BUY,0.1509,NEUTRAL,0.0689,AVOID,0.1342,NEUTRAL
2023-10-27,3,Recovery,0.0,0.156,NEUTRAL,0.1675,BUY,0.1717,BUY,0.1568,NEUTRAL,0.1357,AVOID,0.1474,NEUTRAL,0.1196,AVOID,0.1979,BUY,0.1657,NEUTRAL,0.0987,AVOID,0.153,NEUTRAL
2023-11-03,3,Recovery,0.0,0.1479,NEUTRAL,0.2165,BUY,0.1873,BUY,0.1174,AVOID,0.1679,NEUTRAL,0.1717,NEUTRAL,0.0762,AVOID,0.2131,BUY,0.1599,NEUTRAL,0.0946,AVOID,0.1254,NEUTRAL
2023-11-10,3,Recovery,0.0,0.1862,BUY,0.1976,BUY,0.1714,NEUTRAL,0.1053,AVOID,0.1607,NEUTRAL,0.1728,NEUTRAL,0.0805,AVOID,0.1817,BUY,0.1654,NEUTRAL,0.0804,AVOID,0.139,NEUTRAL
2023-11-17,3,Recovery,0.0,0.1977,BUY,0.2207,BUY,0.185,NEUTRAL,0.1055,AVOID,0.187,NEUTRAL,0.1974,BUY,0.0762,AVOID,0.1914,NEUTRAL,0.1757,NEUTRAL,0.1017,AVOID,0.155,NEUTRAL
2023-11-24,3,Recovery,0.0,0.197,NEUTRAL,0.2288,BUY,0.2105,NEUTRAL,0.1073,AVOID,0.2049,NEUTRAL,0.2193,BUY,0.1002,AVOID,0.2245,BUY,0.1882,NEUTRAL,0.1191,AVOID,0.1663,NEUTRAL
2023-12-01,3,Recovery,0.0,0.1975,NEUTRAL,0.2629,BUY,0.2033,NEUTRAL,0.1008,AVOID,0.2163,BUY,0.23,BUY,0.1104,AVOID,0.198,NEUTRAL,0.2094,NEUTRAL,0.1403,AVOID,0.1593,NEUTRAL
2023-12-08,3,Recovery,0.0,0.1887,NEUTRAL,0.2737,BUY,0.2144,NEUTRAL,0.1,AVOID,0.2305,BUY,0.2351,BUY,0.1292,AVOID,0.218,NEUTRAL,0.226,NEUTRAL,0.13,AVOID,0.1519,NEUTRAL
2023-12-15,3,Recovery,0.0,0.1664,NEUTRAL,0.2863,BUY,0.2159,NEUTRAL,0.1,AVOID,0.2385,BUY,0.2345,NEUTRAL,0.1271,AVOID,0.1904,NEUTRAL,0.2397,BUY,0.1465,AVOID,0.1514,NEUTRAL
2023-12-22,3,Recovery,0.0,0.1519,NEUTRAL,0.2803,BUY,0.1652,NEUTRAL,0.1016,AVOID,0.2129,BUY,0.2103,NEUTRAL,0.1151,AVOID,0.1781,NEUTRAL,0.212,BUY,0.1403,NEUTRAL,0.1319,AVOID
2023-12-29,3,Recovery,0.0,0.1553,NEUTRAL,0.2803,BUY,0.1622,NEUTRAL,0.1001,AVOID,0.2002,NEUTRAL,0.2228,BUY,0.1273,AVOID,0.1663,NEUTRAL,0.2246,BUY,0.1282,AVOID,0.1445,NEUTRAL
2024-01-05,3,Recovery,0.0,0.1905,NEUTRAL,0.2793,BUY,0.1249,AVOID,0.1097,AVOID,0.176,NEUTRAL,0.2423,BUY,0.1601,NEUTRAL,0.1687,NEUTRAL,0.2086,BUY,0.1298,AVOID,0.1696,NEUTRAL
2024-01-12,3,Recovery,0.0,0.178,AVOID,0.2766,BUY,0.1935,NEUTRAL,0.1,AVOID,0.2015,NEUTRAL,0.233,BUY,0.1864,NEUTRAL,0.234,BUY,0.2257,NEUTRAL,0.1184,AVOID,0.1946,NEUTRAL
2024-01-19,3,Recovery,0.0,0.1412,AVOID,0.2318,BUY,0.2211,NEUTRAL,0.111,AVOID,0.1989,NEUTRAL,0.2344,BUY,0.1593,NEUTRAL,0.2375,BUY,0.2129,NEUTRAL,0.1213,AVOID,0.1755,NEUTRAL
2024-01-26,3,Recovery,0.0,0.1231,AVOID,0.2053,BUY,0.1942,NEUTRAL,0.1415,AVOID,0.1673,NEUTRAL,0.2276,BUY,0.1425,NEUTRAL,0.2531,BUY,0.2022,NEUTRAL,0.0976,AVOID,0.16,NEUTRAL
2024-02-02,3,Recovery,0.0,0.1256,AVOID,0.1792,NEUTRAL,0.1786,NEUTRAL,0.1076,AVOID,0.1625,NEUTRAL,0.2198,BUY,0.1527,NEUTRAL,0.2427,BUY,0.1991,BUY,0.0811,AVOID,0.1734,NEUTRAL
2024-02-09,3,Recovery,0.0,0.1198,AVOID,0.1821,NEUTRAL,0.1801,NEUTRAL,0.1156,AVOID,0.1712,NEUTRAL,0.2139,BUY,0.1624,NEUTRAL,0.2171,BUY,0.1985,BUY,0.0853,AVOID,0.1505,NEUTRAL
2024-02-16,3,Recovery,0.0,0.1152,AVOID,0.1768,NEUTRAL,0.1532,NEUTRAL,0.1207,AVOID,0.1642,NEUTRAL,0.1985,BUY,0.1466,NEUTRAL,0.1957,BUY,0.191,BUY,0.0905,AVOID,0.1432,NEUTRAL
2024-02-23,3,Recovery,0.0,0.1156,AVOID,0.1726,NEUTRAL,0.153,NEUTRAL,0.1293,AVOID,0.1623,NEUTRAL,0.2094,BUY,0.1503,NEUTRAL,0.2011,BUY,0.2029,BUY,0.1004,AVOID,0.1483,NEUTRAL
2024-03-01,3,Recovery,0.0,0.1144,AVOID,0.1763,NEUTRAL,0.1598,NEUTRAL,0.1481,NEUTRAL,0.1775,NEUTRAL,0.2044,BUY,0.1422,AVOID,0.2061,BUY,0.2094,BUY,0.1133,AVOID,0.1426,NEUTRAL
2024-03-08,3,Recovery,0.0,0.1222,AVOID,0.1804,BUY,0.1277,AVOID,0.13,NEUTRAL,0.1463,NEUTRAL,0.1939,BUY,0.1294,NEUTRAL,0.1769,NEUTRAL,0.1973,BUY,0.1125,AVOID,0.1385,NEUTRAL
2024-03-15,3,Recovery,0.0,0.1293,NEUTRAL,0.1603,NEUTRAL,0.1274,AVOID,0.1641,NEUTRAL,0.1263,AVOID,0.1999,BUY,0.1317,NEUTRAL,0.1738,BUY,0.1926,BUY,0.1215,AVOID,0.1481,NEUTRAL
2024-03-22,3,Recovery,0.0,0.144,NEUTRAL,0.1506,NEUTRAL,0.1246,AVOID,0.1649,NEUTRAL,0.1383,NEUTRAL,0.1991,BUY,0.1145,AVOID,0.1818,BUY,0.196,BUY,0.1171,AVOID,0.1513,NEUTRAL
2024-04-05,3,Recovery,0.0,0.1388,NEUTRAL,0.1528,NEUTRAL,0.1242,NEUTRAL,0.1896,BUY,0.1352,NEUTRAL,0.1833,BUY,0.0785,AVOID,0.1822,NEUTRAL,0.1895,BUY,0.1144,AVOID,0.1224,AVOID
2024-04-12,3,Recovery,0.0,0.1522,NEUTRAL,0.1477,NEUTRAL,0.1316,NEUTRAL,0.203,BUY,0.1432,NEUTRAL,0.1752,NEUTRAL,0.07,AVOID,0.1946,BUY,0.194,BUY,0.1129,AVOID,0.1255,AVOID
2024-04-19,3,Recovery,0.0,0.1729,NEUTRAL,0.1419,NEUTRAL,0.102,AVOID,0.1939,BUY,0.1364,NEUTRAL,0.1801,NEUTRAL,0.0847,AVOID,0.1835,BUY,0.183,BUY,0.1143,AVOID,0.1497,NEUTRAL
2024-04-26,3,Recovery,0.0,0.1783,NEUTRAL,0.1424,NEUTRAL,0.1244,AVOID,0.1851,BUY,0.1573,NEUTRAL,0.1768,NEUTRAL,0.0773,AVOID,0.1915,BUY,0.1857,BUY,0.1016,AVOID,0.147,NEUTRAL
2024-05-03,3,Recovery,0.0,0.2172,BUY,0.1433,NEUTRAL,0.103,AVOID,0.1454,NEUTRAL,0.1362,NEUTRAL,0.1507,NEUTRAL,0.0686,AVOID,0.1583,BUY,0.1548,BUY,0.085,AVOID,0.1436,NEUTRAL
2024-05-10,3,Recovery,0.0,0.2216,BUY,0.1423,NEUTRAL,0.1015,AVOID,0.1118,NEUTRAL,0.1193,NEUTRAL,0.1501,NEUTRAL,0.0676,AVOID,0.1518,BUY,0.1561,BUY,0.0743,AVOID,0.1468,NEUTRAL
2024-05-17,3,Recovery,0.0,0.243,BUY,0.1693,NEUTRAL,0.1325,NEUTRAL,0.1062,AVOID,0.1257,NEUTRAL,0.1701,BUY,0.1083,AVOID,0.149,NEUTRAL,0.1495,NEUTRAL,0.0769,AVOID,0.1787,BUY
2024-05-24,3,Recovery,0.0,0.222,BUY,0.1762,BUY,0.1461,NEUTRAL,0.103,AVOID,0.1362,NEUTRAL,0.1753,BUY,0.1118,AVOID,0.1641,NEUTRAL,0.1592,NEUTRAL,0.0942,AVOID,0.1617,NEUTRAL
2024-05-31,3,Recovery,0.0,0.2051,BUY,0.1873,BUY,0.128,NEUTRAL,0.1048,AVOID,0.134,NEUTRAL,0.1523,BUY,0.0927,AVOID,0.1449,NEUTRAL,0.1434,NEUTRAL,0.0823,AVOID,0.1408,NEUTRAL
2024-06-07,3,Recovery,0.0,0.1849,BUY,0.1981,BUY,0.1407,NEUTRAL,0.0994,AVOID,0.1412,NEUTRAL,0.1627,NEUTRAL,0.1236,AVOID,0.1655,BUY,0.1466,NEUTRAL,0.0855,AVOID,0.154,NEUTRAL
2024-06-14,3,Recovery,0.0,0.1551,BUY,0.1872,BUY,0.1549,BUY,0.0987,AVOID,0.1303,NEUTRAL,0.1451,NEUTRAL,0.1058,AVOID,0.154,NEUTRAL,0.1333,NEUTRAL,0.0723,AVOID,0.1352,NEUTRAL
2024-06-21,3,Recovery,0.0,0.1367,NEUTRAL,0.1771,BUY,0.1818,BUY,0.0986,AVOID,0.1527,NEUTRAL,0.1481,NEUTRAL,0.1033,AVOID,0.1789,BUY,0.1395,NEUTRAL,0.0694,AVOID,0.1356,NEUTRAL
2024-06-28,3,Recovery,0.0,0.1207,NEUTRAL,0.1674,BUY,0.1593,BUY,0.1097,AVOID,0.1551,NEUTRAL,0.1424,NEUTRAL,0.0861,AVOID,0.1855,BUY,0.1398,NEUTRAL,0.0641,AVOID,0.1187,NEUTRAL
2024-07-05,3,Recovery,0.0,0.1233,NEUTRAL,0.1632,NEUTRAL,0.1737,BUY,0.1039,AVOID,0.1712,BUY,0.1486,NEUTRAL,0.0754,AVOID,0.2029,BUY,0.1389,NEUTRAL,0.0616,AVOID,0.1208,NEUTRAL
2024-07-12,3,Recovery,0.0,0.1295,NEUTRAL,0.173,BUY,0.1594,NEUTRAL,0.0986,AVOID,0.1608,BUY,0.1479,NEUTRAL,0.0816,AVOID,0.1784,BUY,0.1412,NEUTRAL,0.0659,AVOID,0.1121,NEUTRAL
2024-07-19,3,Recovery,0.0,0.1324,NEUTRAL,0.1928,BUY,0.1588,NEUTRAL,0.1052,AVOID,0.1697,BUY,0.1634,NEUTRAL,0.085,AVOID,0.1875,BUY,0.1516,NEUTRAL,0.0707,AVOID,0.1194,NEUTRAL
2024-07-26,3,Recovery,0.0,0.1437,NEUTRAL,0.1953,BUY,0.1396,NEUTRAL,0.1142,AVOID,0.1519,NEUTRAL,0.1761,BUY,0.0976,AVOID,0.1881,BUY,0.1601,NEUTRAL,0.0821,AVOID,0.1276,NEUTRAL
2024-08-02,3,Recovery,0.0,0.153,NEUTRAL,0.1902,BUY,0.117,NEUTRAL,0.1067,AVOID,0.138,NEUTRAL,0.1547,BUY,0.0933,AVOID,0.1753,BUY,0.1469,NEUTRAL,0.077,AVOID,0.127,NEUTRAL
2024-08-09,3,Recovery,0.0,0.165,NEUTRAL,0.2009,BUY,0.1242,NEUTRAL,0.1113,AVOID,0.1429,NEUTRAL,0.1669,BUY,0.1007,AVOID,0.1883,BUY,0.1602,NEUTRAL,0.0839,AVOID,0.1355,NEUTRAL
2024-08-16,3,Recovery,0.0,0.1695,NEUTRAL,0.2054,BUY,0.1318,NEUTRAL,0.1147,AVOID,0.1454,NEUTRAL,0.1767,BUY,0.1109,AVOID,0.1836,BUY,0.1668,NEUTRAL,0.089,AVOID,0.1403,NEUTRAL
2024-08-23,3,Recovery,0.0,0.1756,BUY,0.2102,BUY,0.132,NEUTRAL,0.1066,AVOID,0.1503,NEUTRAL,0.173,NEUTRAL,0.1131,AVOID,0.1887,BUY,0.167,NEUTRAL,0.0942,AVOID,0.1506,NEUTRAL
2024-08-30,3,Recovery,0.0,0.1738,NEUTRAL,0.2101,BUY,0.1238,NEUTRAL,0.1049,AVOID,0.1433,NEUTRAL,0.1868,BUY,0.1167,AVOID,0.1814,BUY,0.1684,NEUTRAL,0.0966,AVOID,0.1497,NEUTRAL
2024-09-06,3,Recovery,0.0,0.1743,NEUTRAL,0.2147,BUY,0.1236,NEUTRAL,0.0978,AVOID,0.1575,NEUTRAL,0.1777,BUY,0.1106,AVOID,0.1814,BUY,0.1597,NEUTRAL,0.0853,AVOID,0.1567,NEUTRAL
2024-09-13,3,Recovery,0.0,0.1815,NEUTRAL,0.2228,BUY,0.1589,NEUTRAL,0.0979,AVOID,0.1846,BUY,0.1834,NEUTRAL,0.1133,AVOID,0.1904,BUY,0.1779,NEUTRAL,0.0974,AVOID,0.159,NEUTRAL
2024-09-20,3,Recovery,0.0,0.183,NEUTRAL,0.2105,BUY,0.1829,NEUTRAL,0.0974,AVOID,0.2001,BUY,0.1909,NEUTRAL,0.1016,AVOID,0.221,BUY,0.1842,NEUTRAL,0.1033,AVOID,0.142,NEUTRAL
2024-09-27,3,Recovery,0.0,0.1834,NEUTRAL,0.2062,BUY,0.1783,NEUTRAL,0.0975,AVOID,0.2003,BUY,0.1804,NEUTRAL,0.0951,AVOID,0.2296,BUY,0.1872,NEUTRAL,0.1163,AVOID,0.1414,NEUTRAL
2024-10-04,3,Recovery,0.0,0.1783,BUY,0.1887,BUY,0.1707,NEUTRAL,0.1066,AVOID,0.1771,NEUTRAL,0.1744,NEUTRAL,0.0796,AVOID,0.2278,BUY,0.178,NEUTRAL,0.0936,AVOID,0.1241,NEUTRAL
2024-10-11,3,Recovery,0.0,0.1766,NEUTRAL,0.1902,BUY,0.1784,NEUTRAL,0.0983,AVOID,0.1718,NEUTRAL,0.1799,NEUTRAL,0.0903,AVOID,0.2285,BUY,0.1867,BUY,0.0957,AVOID,0.1265,NEUTRAL
2024-10-18,3,Recovery,0.0,0.1875,NEUTRAL,0.2061,BUY,0.1824,NEUTRAL,0.0981,AVOID,0.1844,NEUTRAL,0.1922,BUY,0.0889,AVOID,0.2373,BUY,0.1917,NEUTRAL,0.1076,AVOID,0.1356,NEUTRAL
2024-10-25,3,Recovery,0.0,0.1984,NEUTRAL,0.2067,NEUTRAL,0.2039,NEUTRAL,0.1235,AVOID,0.2111,BUY,0.2116,BUY,0.0757,AVOID,0.2452,BUY,0.2069,NEUTRAL,0.1075,AVOID,0.1402,NEUTRAL
2024-11-01,3,Recovery,0.0,0.1822,NEUTRAL,0.1865,NEUTRAL,0.1912,NEUTRAL,0.1186,AVOID,0.2264,BUY,0.2421,BUY,0.0779,AVOID,0.2747,BUY,0.2141,NEUTRAL,0.1195,AVOID,0.1356,NEUTRAL
2024-11-08,3,Recovery,0.0,0.1677,NEUTRAL,0.1916,NEUTRAL,0.188,NEUTRAL,0.1511,NEUTRAL,0.2436,BUY,0.2398,BUY,0.0707,AVOID,0.2648,BUY,0.2225,NEUTRAL,0.0964,AVOID,0.1197,AVOID
2024-11-15,3,Recovery,0.0,0.1883,NEUTRAL,0.2047,NEUTRAL,0.1792,NEUTRAL,0.1533,NEUTRAL,0.2376,BUY,0.2423,BUY,0.0657,AVOID,0.2513,BUY,0.2098,NEUTRAL,0.0984,AVOID,0.141,AVOID
2024-11-22,3,Recovery,0.0,0.1855,NEUTRAL,0.2014,NEUTRAL,0.1672,NEUTRAL,0.1509,NEUTRAL,0.2257,BUY,0.2194,BUY,0.0656,AVOID,0.2388,BUY,0.1982,NEUTRAL,0.098,AVOID,0.142,AVOID
2024-11-29,3,Recovery,0.0,0.1659,NEUTRAL,0.1831,NEUTRAL,0.1495,NEUTRAL,0.1254,AVOID,0.1925,BUY,0.19,BUY,0.0674,AVOID,0.2153,BUY,0.1803,NEUTRAL,0.0874,AVOID,0.1255,NEUTRAL
2024-12-06,3,Recovery,0.0,0.1475,NEUTRAL,0.1659,NEUTRAL,0.1336,NEUTRAL,0.1129,AVOID,0.1797,BUY,0.1696,BUY,0.0662,AVOID,0.1939,BUY,0.1548,NEUTRAL,0.0745,AVOID,0.1211,NEUTRAL
2024-12-13,3,Recovery,0.0,0.1479,NEUTRAL,0.1662,NEUTRAL,0.1319,NEUTRAL,0.1152,AVOID,0.1849,BUY,0.1682,BUY,0.0649,AVOID,0.1887,BUY,0.1498,NEUTRAL,0.0686,AVOID,0.1287,NEUTRAL
2024-12-20,3,Recovery,0.0,0.1449,NEUTRAL,0.1589,BUY,0.1074,AVOID,0.1186,NEUTRAL,0.1657,BUY,0.1607,BUY,0.0682,AVOID,0.1579,NEUTRAL,0.1372,NEUTRAL,0.056,AVOID,0.1263,NEUTRAL
2024-12-27,3,Recovery,0.0,0.1401,NEUTRAL,0.1577,BUY,0.1054,AVOID,0.1108,NEUTRAL,0.1633,BUY,0.158,BUY,0.0718,AVOID,0.1493,NEUTRAL,0.1329,NEUTRAL,0.0557,AVOID,0.1271,NEUTRAL
